Symbol,Name,Last Sale,Net Change,% Change,Market Cap,Country,IPO Year,Volume,Sector,Industry
A,Agilent Technologies Inc. Common Stock,$140.18,0.43,0.308%,40899039037.00,United States,1999,1282234,Industrials,Biotechnology: Laboratory Analytical Instruments
ABBV,AbbVie Inc. Common Stock,$196.42,0.27,0.138%,346945238393.00,United States,2012,1485390,Health Care,Biotechnology: Pharmaceutical Preparations
ABEV,Ambev S.A. American Depositary Shares (Each representing 1 Common Share),$2.365,-0.005,-0.211%,37257815717.00,Brazil,2013,25685063,Consumer Staples,Beverages (Production/Distribution)
ABT,Abbott Laboratories Common Stock,$111.231,0.461,0.416%,193530483652.00,United States,,2141390,Health Care,Biotechnology: Pharmaceutical Preparations
ACI,Albertsons Companies Inc. Class A Common Stock,$20.215,-0.535,-2.578%,11707187644.00,United States,2020,1708102,Consumer Staples,Food Chains
ACM,AECOM Common Stock,$97.59,1.16,1.203%,13083573742.00,United States,2007,149524,Consumer Discretionary,Military/Government/Technical
ACN,Accenture plc Class A Ordinary Shares (Ireland),$333.09,2.72,0.823%,208745226330.00,Ireland,2001,590973,Consumer Discretionary,Business Services
ADM,Archer-Daniels-Midland Company Common Stock,$59.045,0.035,0.059%,28231896043.00,United States,,1047556,Consumer Staples,Packaged Foods
AEE,Ameren Corporation Common Stock,$82.40,0.18,0.219%,21985698140.00,United States,,265450,Utilities,Power Generation
AEG,Aegon Ltd. New York Registry Shares,$6.48,0.06,0.935%,14285070265.00,Netherlands,,1083572,Finance,Life Insurance
AEM,Agnico Eagle Mines Limited Common Stock,$82.78,0.74,0.902%,41380586921.00,Canada,,1312829,Basic Materials,Precious Metals
AER,AerCap Holdings N.V. Ordinary Shares,$94.44,0.55,0.586%,19123454786.00,Netherlands,2006,306204,Consumer Discretionary,Diversified Commercial Services
AES,The AES Corporation Common Stock,$17.685,0.305,1.755%,12572696493.00,United States,,2829907,Utilities,Electric Utilities: Central
AFG,American Financial Group Inc. Common Stock,$130.27,2.14,1.67%,10930149980.00,United States,,74737,Finance,Property-Casualty Insurers
AFL,AFLAC Incorporated Common Stock,$105.60,0.80,0.763%,59138778442.00,United States,,1031269,Finance,Accident &Health Insurance
AGR,Avangrid Inc. Common Stock,$35.97,0.06,0.167%,13917189533.00,United States,2015,210284,Utilities,Electric Utilities: Central
AIG,American International Group Inc. New Common Stock,$74.05,0.17,0.23%,47684603688.00,United States,,1339649,Finance,Life Insurance
AJG,Arthur J. Gallagher & Co. Common Stock,$289.92,1.67,0.579%,63521472000.00,United States,,157482,Finance,Specialty Insurers
ALB,Albemarle Corporation Common Stock,$88.18,3.96,4.702%,10364080662.00,United States,,2181357,Industrials,Major Chemicals
ALC,Alcon Inc. Ordinary Shares,$95.22,-1.28,-1.326%,47581434000.00,Switzerland,2019,1987677,Health Care,Ophthalmic Goods
ALL,Allstate Corporation (The) Common Stock,$179.40,-1.01,-0.56%,47368881667.00,United States,,683021,Finance,Property-Casualty Insurers
ALLE,Allegion plc Ordinary Shares,$134.40,2.19,1.656%,11710015162.00,United States,2013,282306,Consumer Discretionary,Diversified Commercial Services
ALLY,Ally Financial Inc. Common Stock,$41.59,-0.45,-1.07%,12671303656.00,United States,2014,853100,Finance,Major Banks
AMCR,Amcor plc Ordinary Shares,$10.935,0.145,1.344%,15804828023.00,,2019,3139188,Consumer Discretionary,Miscellaneous manufacturing industries
AME,AMETEK Inc.,$165.87,1.01,0.613%,38404870515.00,United States,,390347,Industrials,Industrial Machinery/Components
AMH,American Homes 4 Rent Common Shares of Beneficial Interest,$38.565,-0.065,-0.168%,14134041070.00,United States,2013,586604,Real Estate,Real Estate Investment Trusts
AMP,Ameriprise Financial Inc. Common Stock,$432.70,-1.33,-0.306%,42486233615.00,United States,,159019,Finance,Investment Managers
AMT,American Tower Corporation (REIT) Common Stock,$219.60,-0.78,-0.354%,102571131877.00,United States,,979598,Real Estate,Real Estate Investment Trusts
AMX,America Movil S.A.B. de C.V. American Depositary Shares (each representing the right to receive twenty (20) Series B Shares,$16.97,-0.23,-1.337%,52988825000.00,Mexico,2023,610533,Telecommunications,Telecommunications Equipment
ANET,Arista Networks Inc. Common Stock,$354.21,0.42,0.119%,111276089854.00,United States,2014,749462,Telecommunications,Computer Communications Equipment
AON,Aon plc Class A Ordinary Shares (Ireland),$338.57,1.84,0.546%,73551678450.00,United States,,284145,Finance,Specialty Insurers
AOS,A.O. Smith Corporation Common Stock,$81.72,0.92,1.139%,11918481512.00,United States,,200767,Consumer Discretionary,Consumer Electronics/Appliances
APD,Air Products and Chemicals Inc. Common Stock,$274.89,1.47,0.538%,61112033455.00,United States,,248209,Industrials,Major Chemicals
APH,Amphenol Corporation Common Stock,$67.13,0.11,0.164%,80843907211.00,United States,,2312252,Technology,Electrical Products
APO,Apollo Global Management Inc. (New) Common Stock,$109.58,-0.27,-0.246%,62409565416.00,United States,,876534,Finance,Investment Managers
APOS,Apollo Global Management Inc. 7.625% Fixed-Rate Resettable Junior Subordinated Notes due 2053,$26.72,0.00,0.00%,15217955721.00,United States,1987,44313,Finance,Investment Managers
APTV,Aptiv PLC Ordinary Shares,$70.805,0.955,1.367%,18817143314.00,United Kingdom,2011,1116491,Consumer Discretionary,Auto Parts:O.E.M.
AQNB,Algonquin Power & Utilities Corp. 6.20% Fixed-to-Floating Subordinated Notes Series 2019-A due July 1 2079,$25.42,0.02,0.079%,17532852485.00,United States,2019,9830,Utilities,Electric Utilities: Central
ARE,Alexandria Real Estate Equities Inc. Common Stock,$114.93,0.12,0.105%,20104253570.00,United States,,263917,Real Estate,Real Estate Investment Trusts
ARES,Ares Management Corporation Class A Common Stock,$144.16,-0.55,-0.38%,45121152042.00,United States,2014,487345,Finance,Investment Managers
ARGD,Argo Group International Holdings Ltd. 6.5% Senior Notes Due 2042,$22.57,0.23,1.03%,28362336136.00,Bermuda,,26099,Finance,Specialty Insurers
ASX,ASE Technology Holding Co. Ltd. American Depositary Shares (each representing Two Common Shares) ,$10.035,0.095,0.956%,21998861158.00,Taiwan,2018,3173300,Technology,Semiconductors
ATO,Atmos Energy Corporation Common Stock,$129.71,0.45,0.348%,20135249990.00,United States,,243009,Utilities,Oil/Gas Transmission
AU,AngloGold Ashanti PLC Ordinary Shares,$32.4291,0.3391,1.057%,13611461473.00,South Africa,,1467682,Basic Materials,Precious Metals
AVB,AvalonBay Communities Inc. Common Stock,$217.01,0.43,0.199%,30862466032.00,United States,,186433,Real Estate,Real Estate Investment Trusts
AVTR,Avantor Inc. Common Stock,$25.30,-0.28,-1.095%,17199963208.00,United States,2019,1979334,Industrials,Biotechnology: Laboratory Analytical Instruments
AVY,Avery Dennison Corporation Common Stock,$214.89,2.56,1.206%,17302739299.00,United States,,217105,Consumer Discretionary,Containers/Packaging
AWK,American Water Works Company Inc. Common Stock,$141.04,-0.23,-0.163%,27483482315.00,United States,2008,323819,Utilities,Water Supply
AXP,American Express Company Common Stock,$245.855,-7.225,-2.855%,174781184448.00,United States,,2520002,Finance,Finance: Consumer Services
AZO,AutoZone Inc. Common Stock,$3206.24,19.43,0.61%,54771588734.00,United States,,36680,Consumer Discretionary,Auto & Home Supply Stores
BA,Boeing Company (The) Common Stock,$173.2823,1.1823,0.687%,106770863536.00,United States,,3050362,Industrials,Aerospace
BABA,Alibaba Group Holding Limited American Depositary Shares each representing eight Ordinary share,$83.405,2.365,2.918%,202977816762.00,China,2014,11373417,Consumer Discretionary,Business Services
BAC,Bank of America Corporation Common Stock,$38.655,-0.035,-0.09%,299946464900.00,United States,,22213083,Finance,Major Banks
BAH,Booz Allen Hamilton Holding Corporation Common Stock,$153.33,2.68,1.779%,19808822604.00,United States,2010,266939,Consumer Discretionary,Professional Services
BALL,Ball Corporation Common Stock,$63.92,0.63,0.995%,19403901838.00,United States,,382406,Industrials,Containers/Packaging
BAM,Brookfield Asset Management Inc Class A Limited Voting Shares,$40.095,0.185,0.464%,15664954877.00,,2022,343278,Consumer Discretionary,Other Consumer Services
BAP,Credicorp Ltd. Common Stock,$168.60,-1.35,-0.794%,15912858646.00,Peru,,65160,Finance,Commercial Banks
BAX,Baxter International Inc. Common Stock,$36.29,0.07,0.193%,18514345322.00,United States,,1105700,Health Care,Medical/Dental Instruments
BBD,Banco Bradesco Sa American Depositary Shares,$2.875,-0.015,-0.519%,30596239406.00,Brazil,,17300588,Finance,Major Banks
BBDO,Banco Bradesco Sa American Depositary Shares (each representing one Common Share),$2.5599,-0.0101,-0.393%,27242891567.00,Brazil,,9079,Finance,Major Banks
BBVA,Banco Bilbao Vizcaya Argentaria S.A. Common Stock,$10.465,0.075,0.722%,61094046077.00,Spain,,838366,Finance,Commercial Banks
BBY,Best Buy Co. Inc. Common Stock,$86.885,2.145,2.531%,18742289516.00,United States,,1185366,Consumer Discretionary,Consumer Electronics/Video Chains
BCE,BCE Inc. Common Stock,$34.71,0.18,0.521%,31665346505.00,Canada,,498962,Telecommunications,Telecommunications Equipment
BCH,Banco De Chile ADS,$25.44,-0.10,-0.392%,12849372729.00,Chile,,101565,Finance,Commercial Banks
BCS,Barclays PLC Common Stock,$11.8399,0.0199,0.168%,43523701609.00,United Kingdom,,9978264,Finance,Commercial Banks
BDX,Becton Dickinson and Company Common Stock,$235.075,0.335,0.143%,67946646411.00,United States,,337733,Health Care,Medical/Dental Instruments
BEKE,KE Holdings Inc American Depositary Shares (each representing three Class A Ordinary Shares),$14.795,0.185,1.266%,17710211135.00,China,2020,2700020,Finance,Real Estate
BEN,Franklin Resources Inc. Common Stock,$20.845,-1.775,-7.847%,10901902273.00,United States,,13564153,Finance,Investment Managers
BEP,Brookfield Renewable Partners L.P. ,$23.995,0.065,0.272%,11551142802.00,Canada,,242609,Utilities,Electric Utilities: Central
BEPC,Brookfield Renewable Corporation Class A Subordinate Voting Shares ,$28.23,0.12,0.427%,10561197710.00,United States,2020,326748,Utilities,Electric Utilities: Central
BG,Bunge Limited Common Shares,$95.89,0.71,0.746%,13582958883.00,United States,,268785,Consumer Staples,Packaged Foods
BHP,BHP Group Limited American Depositary Shares (Each representing two Ordinary Shares),$55.315,1.675,3.123%,140107932028.00,Australia,,1579643,Energy,Coal Mining
BIP,Brookfield Infrastructure Partners LP Limited Partnership Units,$31.86,0.20,0.632%,14698418948.00,Bermuda,,140563,Consumer Discretionary,Marine Transportation
BIPJ,Brookfield Infrastructure Corporation 7.250% Subordinated Notes due 2084,$25.47,0.00,0.00%,11750430967.00,Canada,2024,10358,Utilities,Oil & Gas Production
BIRK,Birkenstock Holding plc Ordinary Shares,$63.15,1.55,2.516%,11538854452.00,,2023,1009905,Consumer Discretionary,Shoe Manufacturing
BJ,BJ's Wholesale Club Holdings Inc. Common Stock,$87.97,1.48,1.711%,11674417680.00,United States,2018,1261188,Consumer Discretionary,Department/Specialty Retail Stores
BK,The Bank of New York Mellon Corporation Common Stock,$65.36,0.02,0.031%,48232902135.00,United States,,1237712,Finance,Major Banks
BKDT,Brookdale Senior Living Inc. 7.00% Tangible Equity Units,$94.91,0.00,0.00%,18716348334.00,United States,2022,2,Health Care,Hospital/Nursing Management
BLD,TopBuild Corp. Common Stock,$388.65,11.63,3.085%,11724098294.00,United States,2015,142189,Consumer Discretionary,Engineering & Construction
BLDR,Builders FirstSource Inc. Common Stock,$167.60,3.45,2.102%,19517760122.00,United States,2005,580663,Consumer Discretionary,RETAIL: Building Materials
BLK,BlackRock Inc. Common Stock,$863.56,2.59,0.301%,127917828462.00,United States,1999,262800,Finance,Investment Bankers/Brokers/Service
BMO,Bank Of Montreal Common Stock,$86.64,-0.02,-0.023%,63182488497.00,Canada,,233997,Finance,Commercial Banks
BMY,Bristol-Myers Squibb Company Common Stock,$48.265,-0.715,-1.46%,97852228266.00,United States,,4078126,Health Care,Biotechnology: Pharmaceutical Preparations
BN,Brookfield Corporation Class A Limited Voting Shares,$46.99,0.30,0.643%,70851379338.00,Canada,1925,563906,Real Estate,Building operators
BNH,Brookfield Finance Inc. 4.625% Subordinated Notes due October 16 2080,$17.17,0.17,1.00%,25888873872.00,Canada,2020,24068,Real Estate,Building operators
BNJ,Brookfield Finance Inc. 4.50% Perpetual Subordinated Notes,$16.30,0.025,0.154%,24577090513.00,Canada,2020,16442,Real Estate,Building operators
BNS,Bank Nova Scotia Halifax Pfd 3 Ordinary Shares,$47.61,0.11,0.232%,58539808513.00,Canada,,554997,Finance,Major Banks
BP,BP p.l.c. Common Stock,$33.545,0.165,0.494%,92010618641.00,United Kingdom,,3238781,Energy,Integrated oil Companies
BR,Broadridge Financial Solutions Inc. Common Stock,$211.12,1.63,0.778%,24639568190.00,United States,,269093,Consumer Discretionary,Business Services
BRK/A,Berkshire Hathaway Inc.,$668604.844999999972,-3795.155,-0.564%,983433482785.00,United States,,1220,,
BRK/B,Berkshire Hathaway Inc.,$445.40,-2.96,-0.66%,982691084643.00,United States,,1654928,,
BRO,Brown & Brown Inc. Common Stock,$103.555,0.665,0.646%,29540202441.00,United States,,319962,Finance,Specialty Insurers
BSBR,Banco Santander Brasil SA American Depositary Shares each representing one unit,$5.695,-0.005,-0.088%,42484648745.00,Brazil,2009,252873,Finance,Commercial Banks
BSX,Boston Scientific Corporation Common Stock,$78.74,0.26,0.331%,115954581870.00,United States,,1341557,Health Care,Medical/Dental Instruments
BTI,British American Tobacco  Industries p.l.c. Common Stock ADR,$36.2902,0.1502,0.416%,80464869493.00,United Kingdom,1998,2048139,Health Care, Medicinal Chemicals and Botanical Products 
BUD,Anheuser-Busch Inbev SA Sponsored ADR (Belgium),$60.88,0.33,0.545%,105760569371.00,Belgium,,563012,Consumer Staples,Beverages (Production/Distribution)
BURL,Burlington Stores Inc. Common Stock,$272.56,8.50,3.219%,17396420284.00,United States,2013,520799,Consumer Discretionary,Department/Specialty Retail Stores
BX,Blackstone Inc. Common Stock,$134.58,1.60,1.203%,96907926458.00,United States,2007,1057242,Finance,Investment Managers
BXP,BXP Inc. Common Stock,$70.49,0.31,0.442%,11132750742.00,United States,1997,334336,Real Estate,Real Estate Investment Trusts
C,Citigroup Inc. Common Stock,$60.28,-1.03,-1.68%,115001896163.00,United States,,10174507,Finance,Major Banks
CACI,CACI International Inc. Class A Common Stock,$470.02,3.59,0.77%,10482911992.00,United States,,38087,Technology,EDP Services
CAG,ConAgra Brands Inc. Common Stock,$30.725,-0.045,-0.146%,14692963844.00,United States,,2030151,Consumer Staples,Packaged Foods
CAH,Cardinal Health Inc. Common Stock,$109.565,0.685,0.629%,26716915006.00,United States,,582937,Health Care,Other Pharmaceuticals
CARR,Carrier Global Corporation Common Stock ,$69.815,1.255,1.831%,63025625923.00,United States,2020,1439419,Industrials,Industrial Machinery/Components
CAT,Caterpillar Inc. Common Stock,$342.81,-0.49,-0.143%,166227923146.00,United States,,676277,Industrials,Construction/Ag Equipment/Trucks
CAVA,CAVA Group Inc. Common Stock,$102.00,3.79,3.859%,11630879766.00,United States,2023,1608781,Consumer Discretionary,Restaurants
CB,Chubb Limited  Common Stock,$271.62,-0.41,-0.151%,109716611207.00,Switzerland,,437168,Finance,Property-Casualty Insurers
CBRE,CBRE Group Inc Common Stock Class A,$112.08,0.58,0.52%,34344835123.00,United States,,370398,Finance,Real Estate
CCI,Crown Castle Inc. Common Stock,$110.07,0.09,0.082%,47832822491.00,United States,,555951,Real Estate,Real Estate Investment Trusts
CCJ,Cameco Corporation Common Stock,$41.505,0.125,0.302%,18062169641.00,Canada,1996,1559641,Basic Materials,Other Metals and Minerals
CCK,Crown Holdings Inc.,$88.82,1.01,1.15%,10715295872.00,United States,,313447,Industrials,Containers/Packaging
CCL,Carnival Corporation Common Stock,$15.5301,0.2101,1.371%,20346480647.00,United States,1987,9199097,Consumer Discretionary,Marine Transportation
CCZ,Comcast Holdings ZONES,$55.82,0.00,0.00%,216163040596.00,United States,,300,Telecommunications,Cable & Other Pay Television Services
CE,Celanese Corporation Common Stock,$130.46,1.96,1.525%,14254605053.00,United States,2005,352781,Industrials,Major Chemicals
CF,CF Industries Holdings Inc. Common Stock,$80.635,0.575,0.718%,14547544682.00,United States,2005,694910,Industrials,Agricultural Chemicals
CFG,Citizens Financial Group Inc. Common Stock,$41.03,-0.18,-0.437%,18393768120.00,United States,2014,1741708,Finance,Major Banks
CHD,Church & Dwight Company Inc. Common Stock,$102.23,0.60,0.59%,25027433463.00,United States,,348789,Consumer Discretionary,Package Goods/Cosmetics
CHT,Chunghwa Telecom Co. Ltd.,$38.58,0.16,0.416%,29928228790.00,Taiwan,,34746,Telecommunications,Telecommunications Equipment
CHWY,Chewy Inc. Class A Common Stock,$27.0901,0.4201,1.575%,11808847008.00,United States,2019,2870464,Consumer Discretionary,Catalog/Specialty Distribution
CI,The Cigna Group Common Stock,$341.01,-1.59,-0.464%,95328935265.00,United States,,276594,Health Care,Medical Specialities
CL,Colgate-Palmolive Company Common Stock,$103.44,0.38,0.369%,84519494279.00,United States,,1592400,Consumer Discretionary,Package Goods/Cosmetics
CLH,Clean Harbors Inc. Common Stock,$243.00,4.05,1.695%,13115340099.00,United States,,61757,Industrials,Environmental Services
CLX,Clorox Company (The) Common Stock,$151.38,0.04,0.026%,18750160682.00,United States,,325591,Consumer Discretionary,Specialty Chemicals
CM,Canadian Imperial Bank of Commerce Common Stock,$53.36,-0.04,-0.075%,50318586720.00,Canada,,407242,Finance,Commercial Banks
CMG,Chipotle Mexican Grill Inc. Common Stock,$53.755,1.815,3.494%,73616182380.00,United States,2006,9511279,Consumer Discretionary,Restaurants
CMI,Cummins Inc. Common Stock,$304.59,4.28,1.425%,41743342495.00,United States,,281814,Industrials,Industrial Machinery/Components
CMS,CMS Energy Corporation Common Stock,$67.00,0.27,0.405%,20014872346.00,United States,,380358,Utilities,Power Generation
CNA,CNA Financial Corporation Common Stock,$49.521,0.031,0.063%,13412088622.00,United States,,65115,Finance,Property-Casualty Insurers
CNC,Centene Corporation Common Stock,$78.39,0.23,0.294%,41235491700.00,United States,,1147791,Health Care,Medical Specialities
CNH,CNH Industrial N.V. Common Shares,$10.115,0.325,3.32%,12681935541.00,United Kingdom,2013,3519553,Industrials,Construction/Ag Equipment/Trucks
CNI,Canadian National Railway Company Common Stock,$114.17,0.35,0.308%,71870015000.00,Canada,,400967,Industrials,Railroads
CNM,Core & Main Inc. Class A Common Stock,$51.245,0.695,1.375%,10323777883.00,United States,2021,634040,Consumer Discretionary,Durable Goods
CNP,CenterPoint Energy Inc (Holding Co) Common Stock,$26.13,0.32,1.24%,16774597187.00,United States,,3518524,Utilities,Electric Utilities: Central
CNQ,Canadian Natural Resources Limited Common Stock,$35.69,-0.01,-0.028%,76187728520.00,Canada,,1672846,Energy,Oil & Gas Production
COF,Capital One Financial Corporation Common Stock,$139.74,-1.77,-1.251%,53360577842.00,United States,1994,778507,Finance,Major Banks
COHR,Coherent Corp. Common Stock,$79.035,0.485,0.617%,12116095928.00,United States,,1310181,Technology,Electronic Components
COP,ConocoPhillips Common Stock,$109.3201,-0.5299,-0.482%,126947943168.00,United States,,2230521,Energy,Integrated oil Companies
COR,Cencora Inc. Common Stock,$239.465,1.055,0.443%,47185818188.00,United States,,302229,Health Care,Other Pharmaceuticals
CP,Canadian Pacific Kansas City Limited Common Shares,$79.79,0.48,0.605%,74454054522.00,Canada,,805864,Industrials,Railroads
CPAY,Corpay Inc. Common Stock,$294.545,5.405,1.869%,20451128847.00,United States,,163584,Consumer Discretionary,Business Services
CPNG,Coupang Inc. Class A Common Stock,$22.95,0.16,0.702%,41165515773.00,United States,2021,4663380,Consumer Discretionary,Catalog/Specialty Distribution
CPT,Camden Property Trust Common Stock,$120.06,0.21,0.175%,12802585254.00,United States,1993,146503,Real Estate,Real Estate Investment Trusts
CQP,Cheniere Energy Partners LP Common Units,$48.49,-0.48,-0.98%,23471275279.00,United States,2007,74219,Utilities,Oil/Gas Transmission
CRBG,Corebridge Financial Inc. Common Stock,$28.12,0.35,1.26%,16647419648.00,United States,2022,687948,Finance,Life Insurance
CRH,CRH PLC Ordinary Shares,$87.105,1.815,2.128%,59425721325.00,Ireland,,2429867,Industrials,Building Materials
CRL,Charles River Laboratories International Inc. Common Stock,$203.47,0.97,0.479%,10505303819.00,United States,2000,316617,Health Care,Biotechnology: Commercial Physical & Biological Resarch
CRM,Salesforce Inc. Common Stock,$260.9553,-0.8847,-0.338%,252865685700.00,United States,2004,2743863,Technology,Computer Software: Prepackaged Software
CSL,Carlisle Companies Incorporated Common Stock,$411.735,9.045,2.246%,19039824961.00,United States,,125979,Industrials,Specialty Chemicals
CTLT,Catalent Inc. Common Stock,$59.135,-0.305,-0.513%,10702243371.00,United States,2014,1234530,Health Care,Biotechnology: Pharmaceutical Preparations
CTRA,Coterra Energy Inc. Common Stock,$23.965,-0.095,-0.395%,17716712098.00,United States,,2108032,Energy,Oil & Gas Production
CTVA,Corteva Inc. Common Stock ,$54.22,0.62,1.157%,37533632340.00,United States,2019,643115,Consumer Staples,Farming/Seeds/Milling
CUBE,CubeSmart Common Shares,$49.50,0.30,0.61%,11147337086.00,United States,,292201,Real Estate,Real Estate Investment Trusts
CUK,Carnival Plc ADS ADS,$14.15,0.16,1.144%,18538367503.00,United States,,665330,Consumer Discretionary,Marine Transportation
CVE,Cenovus Energy Inc Common Stock,$18.865,0.045,0.239%,35015364230.00,Canada,,4063215,Energy,Oil & Gas Production
CVNA,Carvana Co. Class A Common Stock,$156.17,1.99,1.291%,32318375453.00,United States,2017,1385837,Consumer Discretionary,Retail-Auto Dealers and Gas Stations
CVS,CVS Health Corporation Common Stock,$58.42,-0.48,-0.815%,73491148953.00,United States,,2571443,Consumer Staples,Retail-Drug Stores and Proprietary Stores
CVX,Chevron Corporation Common Stock,$145.375,0.685,0.473%,265878825302.00,United States,,3889462,Energy,Integrated oil Companies
CW,Curtiss-Wright Corporation Common Stock,$300.705,2.165,0.725%,11516802433.00,United States,,48398,Technology,Industrial Machinery/Components
CX,Cemex S.A.B. de C.V. Sponsored ADR,$6.415,-0.135,-2.061%,18614185138.00,Mexico,,7228571,Industrials,Building Materials
D,Dominion Energy Inc. Common Stock,$56.325,0.025,0.044%,47253205324.00,United States,,1073076,Utilities,Electric Utilities: Central
DAL,Delta Air Lines Inc. Common Stock,$40.085,-0.035,-0.087%,25871633763.00,United States,,4760539,Consumer Discretionary,Air Freight/Delivery Services
DB,Deutsche Bank AG Common Stock,$15.675,0.235,1.522%,31977000000.00,Germany,,1515604,Finance,Major Banks
DD,DuPont de Nemours Inc. Common Stock,$80.4111,1.1511,1.452%,33571241281.00,United States,2017,582967,Industrials,Major Chemicals
DE,Deere & Company Common Stock,$377.25,4.66,1.251%,103958902466.00,United States,,785665,Industrials,Industrial Machinery/Components
DECK,Deckers Outdoor Corporation Common Stock,$950.715,2.045,0.216%,24158211959.00,United States,1993,149219,Consumer Discretionary,Shoe Manufacturing
DELL,Dell Technologies Inc. Class C Common Stock ,$111.52,0.81,0.732%,79101596912.00,United States,2018,5600093,Technology,Computer Manufacturing
DEO,Diageo plc Common Stock,$131.45,3.02,2.351%,73058793727.00,United Kingdom,,514200,Consumer Staples,Beverages (Production/Distribution)
DFS,Discover Financial Services Common Stock,$133.88,-1.38,-1.02%,33613457775.00,United States,,1063043,Finance,Finance: Consumer Services
DG,Dollar General Corporation Common Stock,$124.12,2.53,2.081%,27293324206.00,United States,2009,1500098,Consumer Discretionary,Department/Specialty Retail Stores
DGX,Quest Diagnostics Incorporated Common Stock,$152.54,1.63,1.08%,16980326908.00,United States,,330580,Health Care,Medical Specialities
DHI,D.R. Horton Inc. Common Stock,$186.04,6.43,3.58%,60656499460.00,United States,,1721556,Consumer Discretionary,Homebuilding
DHR,Danaher Corporation Common Stock,$270.67,-0.99,-0.364%,195481414634.00,United States,,786056,Industrials,Industrial Machinery/Components
DIS,Walt Disney Company (The) Common Stock,$90.315,0.575,0.641%,163794144225.00,United States,,4747462,Consumer Discretionary,Services-Misc. Amusement & Recreation
DKS,Dick's Sporting Goods Inc Common Stock,$234.56,9.96,4.435%,19114330757.00,United States,2002,654374,Consumer Discretionary,Other Specialty Stores
DLR,Digital Realty Trust Inc. Common Stock,$149.99,0.89,0.597%,49108382790.00,United States,2004,373463,Real Estate,Real Estate Investment Trusts
DNA,Ginkgo Bioworks Holdings Inc. Class A Common Stock,$8.76,1.05,13.619%,19473614886.00,United States,2021,2864268,Health Care,Biotechnology: Biological Products (No Diagnostic Substances)
DOC,Healthpeak Properties Inc. Common Stock,$21.905,0.105,0.482%,15317978424.00,United States,,1013325,Real Estate,Real Estate Investment Trusts
DOV,Dover Corporation Common Stock,$181.83,1.76,0.977%,24993918863.00,United States,,200666,Industrials,Industrial Machinery/Components
DOW,Dow Inc. Common Stock ,$52.97,0.25,0.474%,37127786853.00,United States,2019,1487133,Industrials,Major Chemicals
DPZ,Domino's Pizza Inc Common Stock,$427.9898,0.9298,0.218%,14968158322.00,United States,2004,340152,Consumer Discretionary,Food Distributors
DRI,Darden Restaurants Inc. Common Stock,$155.36,0.21,0.135%,18466547912.00,United States,,642692,Consumer Discretionary,Restaurants
DT,Dynatrace Inc. Common Stock,$50.29,0.40,0.802%,14981663773.00,United States,2019,1249432,Technology,Computer Software: Prepackaged Software
DTE,DTE Energy Company Common Stock,$123.6275,0.6975,0.567%,25593374940.00,United States,,273607,Utilities,Electric Utilities: Central
DUK,Duke Energy Corporation (Holding Company) Common Stock,$112.53,0.15,0.133%,86895857976.00,United States,,1315089,Utilities,Power Generation
DUKB,Duke Energy Corporation 5.625% Junior Subordinated Debentures due 2078,$25.2812,0.0512,0.203%,19522185770.00,United States,2018,7332,Utilities,Power Generation
DVA,DaVita Inc. Common Stock,$150.115,2.535,1.718%,12594648500.00,United States,,267946,Health Care,Misc Health and Biotechnology Services
DVN,Devon Energy Corporation Common Stock,$43.825,-0.215,-0.488%,27443215000.00,United States,1985,3423012,Energy,Oil & Gas Production
E,ENI S.p.A. Common Stock,$32.215,0.165,0.515%,54377919628.00,Italy,,142800,Energy,Oil & Gas Production
EBR,Centrais Electricas Brasileiras S A American Depositary Shares (Each representing one Common Share),$7.61,0.03,0.396%,17090646686.00,Brazil,2016,294034,Utilities,Electric Utilities: Central
EC,Ecopetrol S.A. American Depositary Shares,$10.16,-0.01,-0.098%,20887280908.00,Colombia,,1101046,Energy,Oil & Gas Production
ECCF,Eagle Point Credit Company Inc. 8.00% Series F Term Preferred Stock due 2029,$24.9756,0.0056,0.022%,27190257083.00,United States,,19543,,
ECL,Ecolab Inc. Common Stock,$246.54,3.97,1.637%,70149903849.00,United States,,364563,Consumer Discretionary,Package Goods/Cosmetics
ED,Consolidated Edison Inc. Common Stock,$100.59,0.42,0.419%,34818946848.00,United States,,597743,Utilities,Power Generation
EDR,Endeavor Group Holdings Inc. Class A Common Stock,$27.49,0.00,0.00%,18813361292.00,United States,2021,2481542,Consumer Discretionary,Services-Misc. Amusement & Recreation
EDU,New Oriental Education & Technology Group Inc. Sponsored ADR representing 10 Ordinary Share (Cayman Islands),$68.135,1.075,1.603%,11277189350.00,China,2006,419538,Real Estate,Other Consumer Services
EFX,Equifax Inc. Common Stock,$297.64,1.06,0.357%,36828902691.00,United States,,185607,Finance,Finance: Consumer Services
EG,Everest Group Ltd. Common Stock,$377.96,0.72,0.191%,16355669824.00,Bermuda,,51413,Finance,Property-Casualty Insurers
EIX,Edison International Common Stock,$84.31,0.60,0.717%,32558561455.00,United States,,518584,Utilities,Electric Utilities: Central
EL,Estee Lauder Companies Inc. (The) Common Stock,$92.375,1.405,1.544%,33136684622.00,United States,1995,3198865,Consumer Discretionary,Package Goods/Cosmetics
ELS,Equity Lifestyle Properties Inc. Common Stock,$70.91,0.11,0.155%,13226026551.00,United States,,250409,Real Estate,Real Estate Investment Trusts
ELV,Elevance Health Inc. Common Stock,$542.09,-0.95,-0.175%,125703013437.00,United States,,164150,Health Care,Medical Specialities
EME,EMCOR Group Inc. Common Stock,$372.805,5.505,1.499%,17394098959.00,United States,,125351,Industrials,Engineering & Construction
EMN,Eastman Chemical Company Common Stock,$99.05,1.73,1.778%,11575022818.00,United States,,210881,Industrials,Major Chemicals
EMR,Emerson Electric Company Common Stock,$104.435,1.315,1.275%,59809924500.00,United States,,1180780,Technology,Consumer Electronics/Appliances
ENB,Enbridge Inc Common Stock,$39.12,0.07,0.179%,83172670296.00,Canada,,1593653,Energy,Natural Gas Distribution
EOG,EOG Resources Inc. Common Stock,$125.225,-0.025,-0.02%,71202881278.00,United States,,1555361,Energy,Oil & Gas Production
EPAM,EPAM Systems Inc. Common Stock,$200.885,1.155,0.578%,11437461802.00,United States,2012,107369,Technology,EDP Services
EPD,Enterprise Products Partners L.P. Common Stock,$29.08,-0.05,-0.172%,63112371691.00,United States,,2061016,Utilities,Natural Gas Distribution
EQH,Equitable Holdings Inc. Common Stock,$40.52,0.37,0.922%,12956631236.00,United States,2018,647601,Finance,Specialty Insurers
EQNR,Equinor ASA,$26.88,-0.14,-0.518%,79154426911.00,Norway,,1542911,Energy,Integrated oil Companies
EQR,Equity Residential Common Shares of Beneficial Interest,$72.26,0.28,0.389%,27396358906.00,United States,,568793,Real Estate,Real Estate Investment Trusts
EQT,EQT Corporation Common Stock,$32.99,-0.25,-0.752%,14568384000.00,United States,,3428398,Energy,Oil & Gas Production
ES,Eversource Energy (D/B/A) Common Stock,$66.49,0.49,0.742%,23762510897.00,United States,,1230967,Utilities,Electric Utilities: Central
ESS,Essex Property Trust Inc. Common Stock,$289.22,2.08,0.724%,18573100460.00,United States,1994,65734,Real Estate,Real Estate Investment Trusts
ESTC,Elastic N.V. Ordinary Shares,$108.4127,-1.9773,-1.791%,11027217837.00,United States,2018,234383,Technology,Computer Software: Prepackaged Software
ET,Energy Transfer LP Common Units ,$16.045,-0.015,-0.093%,54909742236.00,United States,,8071747,Utilities,Natural Gas Distribution
ETN,Eaton Corporation PLC Ordinary Shares,$300.60,4.36,1.472%,119668860000.00,Ireland,,872707,Technology,Industrial Machinery/Components
ETR,Entergy Corporation Common Stock,$118.999,0.119,0.10%,25445656843.00,United States,,700658,Utilities,Electric Utilities: Central
EW,Edwards Lifesciences Corporation Common Stock,$70.15,0.77,1.11%,42258360000.00,United States,,2250698,Health Care,Industrial Specialties
EXPD,Expeditors International of Washington Inc. Common Stock,$121.44,1.50,1.251%,17138567804.00,United States,,364202,Consumer Discretionary,Oil Refining/Marketing
EXR,Extra Space Storage Inc Common Stock,$170.81,1.45,0.856%,36199540393.00,United States,2004,181203,Real Estate,Real Estate Investment Trusts
F,Ford Motor Company Common Stock,$10.865,0.185,1.732%,43191087828.00,United States,,35074174,Consumer Discretionary,Auto Manufacturing
FCX,Freeport-McMoRan Inc. Common Stock,$43.905,0.375,0.861%,63085176554.00,United States,,3783336,Basic Materials,Metal Mining
FDX,FedEx Corporation Common Stock,$292.25,3.81,1.321%,71397331394.00,United States,,363154,Consumer Discretionary,Air Freight/Delivery Services
FE,FirstEnergy Corp. Common Stock,$43.275,0.085,0.197%,24923042596.00,United States,,921973,Utilities,Electric Utilities: Central
FERG,Ferguson Enterprises Inc. Common Stock,$210.985,4.435,2.147%,42492180041.00,United Kingdom,2021,600972,Miscellaneous,Miscellaneous
FI,Fiserv Inc. Common Stock,$167.89,-0.15,-0.089%,96658502149.00,United States,,992097,Consumer Discretionary,Business Services
FICO,Fair Isaac Corproation Common Stock,$1745.88,-4.12,-0.235%,42806416394.00,United States,,43181,Consumer Discretionary,Business Services
FIS,Fidelity National Information Services Inc. Common Stock,$78.935,0.415,0.529%,43064246606.00,United States,,923351,Consumer Discretionary,Business Services
FIX,Comfort Systems USA Inc. Common Stock,$342.36,11.65,3.523%,12214238722.00,United States,1997,182831,Industrials,Engineering & Construction
FLUT,Flutter Entertainment plc Ordinary Shares,$208.53,3.68,1.796%,37058675188.00,,2024,795709,Technology,Computer Software: Programming Data Processing
FMS,Fresenius Medical Care AG American Depositary Shares (Each representing 1/2 of an Ordinary Share),$18.99,0.32,1.714%,11143842793.00,Germany,,113814,Health Care,Misc Health and Biotechnology Services
FMX,Fomento Economico Mexicano S.A.B. de C.V. Common Stock,$107.09,-3.14,-2.849%,174891693262.00,Mexico,,571916,Consumer Staples,Beverages (Production/Distribution)
FND,Floor & Decor Holdings Inc. Common Stock,$107.86,1.52,1.429%,11558650688.00,United States,2017,385595,Consumer Discretionary,RETAIL: Building Materials
FNF,FNF Group of Fidelity National Financial Inc. Common Stock,$57.60,0.91,1.605%,15751276992.00,United States,2014,286728,Finance,Specialty Insurers
FNV,Franco-Nevada Corporation,$124.73,-0.07,-0.056%,24001381917.00,Canada,,204887,Basic Materials,Precious Metals
FTI,TechnipFMC plc Ordinary Share,$26.11,0.21,0.811%,11184812320.00,,,1692097,Industrials,Metal Fabrications
FTS,Fortis Inc. Common Shares,$43.68,0.08,0.183%,21630336000.00,United States,2016,201664,Utilities,Electric Utilities: Central
FTV,Fortive Corporation Common Stock ,$72.18,1.77,2.514%,25287662823.00,United States,2016,1349130,Industrials,Industrial Machinery/Components
GD,General Dynamics Corporation Common Stock,$293.54,-2.26,-0.764%,80658210540.00,United States,,535976,Industrials,Marine Transportation
GDDY,GoDaddy Inc. Class A Common Stock,$164.35,1.36,0.834%,23168857493.00,United States,2015,603968,Technology,EDP Services
GE,GE Aerospace Common Stock,$171.1115,1.1215,0.66%,185538084414.00,United States,,1982317,Technology,Consumer Electronics/Appliances
GEV,GE Vernova Inc. Common Stock,$183.51,-0.49,-0.266%,50428921259.00,United States,2024,910186,,
GFI,Gold Fields Limited American Depositary Shares,$16.705,-0.495,-2.878%,14926599281.00,South Africa,,2559193,Basic Materials,Precious Metals
GFL,GFL Environmental Inc. Subordinate voting shares no par value,$41.96,-0.01,-0.024%,15799584203.00,Canada,2020,196268,Utilities,Environmental Services
GGG,Graco Inc. Common Stock,$81.715,1.435,1.787%,13804225592.00,United States,,269878,Industrials,Fluid Controls
GIB,CGI Inc. Common Stock,$110.40,1.12,1.025%,25161347021.00,Canada,,58623,Consumer Discretionary,Professional Services
GIS,General Mills Inc. Common Stock,$70.62,0.67,0.958%,39416247004.00,United States,,1870719,Consumer Staples,Packaged Foods
GLW,Corning Incorporated Common Stock,$41.965,1.235,3.032%,35909484953.00,United States,,2691538,Industrials,Telecommunications Equipment
GM,General Motors Company Common Stock,$46.55,0.57,1.24%,52318574639.00,United States,2010,7241568,Consumer Discretionary,Auto Manufacturing
GOLD,Barrick Gold Corporation Common Stock (BC),$20.635,0.225,1.102%,36167673931.00,Canada,,15480489,Basic Materials,Precious Metals
GPC,Genuine Parts Company Common Stock,$143.55,4.02,2.881%,19999060859.00,United States,,463164,Consumer Discretionary,Automotive Aftermarket
GPN,Global Payments Inc. Common Stock,$109.24,0.59,0.543%,27794694166.00,United States,,763343,Consumer Discretionary,Business Services
GRMN,Garmin Ltd. Common Stock (Switzerland),$178.67,2.19,1.241%,34342844827.00,Switzerland,2000,321001,Industrials,Industrial Machinery/Components
GS,Goldman Sachs Group Inc. (The) Common Stock,$495.80,-1.54,-0.31%,156573419369.00,United States,1999,560243,Finance,Investment Bankers/Brokers/Service
GSK,GSK plc American Depositary Shares (Each representing two Ordinary Shares),$41.98,0.38,0.913%,87004767630.00,United Kingdom,2022,1587789,Health Care,Biotechnology: Pharmaceutical Preparations
GWRE,Guidewire Software Inc. Common Stock,$147.975,1.055,0.718%,12232102557.00,United States,2012,307223,Technology,Computer Software: Prepackaged Software
GWW,W.W. Grainger Inc. Common Stock,$981.54,19.14,1.989%,47924380523.00,United States,,110143,Industrials,Office Equipment/Supplies/Services
H,Hyatt Hotels Corporation Class A Common Stock,$145.61,2.56,1.79%,14607554866.00,United States,2009,244982,Consumer Discretionary,Hotels/Resorts
HAL,Halliburton Company Common Stock,$31.22,0.14,0.45%,27561906238.00,United States,,2422236,Energy,Oilfield Services/Equipment
HCA,HCA Healthcare Inc. Common Stock,$377.22,1.91,0.509%,97350485670.00,United States,2011,407682,Health Care,Hospital/Nursing Management
HD,Home Depot Inc. (The) Common Stock,$370.715,3.445,0.938%,367606252963.00,United States,,2545239,Consumer Discretionary,RETAIL: Building Materials
HDB,HDFC Bank Limited Common Stock,$60.305,0.215,0.358%,152710565824.00,India,2001,952277,Finance,Commercial Banks
HEI,Heico Corporation Common Stock,$243.265,3.145,1.31%,33691189545.00,United States,2000,148512,Industrials,Aerospace
HES,Hess Corporation Common Stock,$136.15,0.13,0.096%,41949844860.00,United States,,456262,Energy,Integrated oil Companies
HIG,Hartford Financial Services Group Inc. (The) Common Stock,$111.09,0.22,0.198%,32550972140.00,United States,,391374,Finance,Property-Casualty Insurers
HII,Huntington Ingalls Industries Inc. Common Stock,$272.13,-3.10,-1.126%,10671641084.00,United States,,101345,Industrials,Marine Transportation
HLI,Houlihan Lokey Inc. Class A Common Stock,$152.26,0.92,0.608%,10587178171.00,United States,2015,123507,Finance,Investment Managers
HLN,Haleon plc American Depositary Shares (Each representing two Ordinary Shares),$9.8813,0.0313,0.318%,45101976968.00,United Kingdom,2022,1705123,Consumer Discretionary,Package Goods/Cosmetics
HLT,Hilton Worldwide Holdings Inc. Common Stock ,$216.085,3.675,1.73%,53249199255.00,United States,2016,656148,Consumer Discretionary,Hotels/Resorts
HMC,Honda Motor Company Ltd. Common Stock,$32.175,0.345,1.084%,51790031608.00,Japan,,357615,Consumer Discretionary,Auto Manufacturing
HPE,Hewlett Packard Enterprise Company Common Stock,$18.87,0.10,0.533%,24524834605.00,United States,2015,3910704,Technology,Retail: Computer Software & Peripheral Equipment
HPQ,HP Inc. Common Stock,$35.225,0.415,1.192%,34469761417.00,United States,,2380766,Technology,Computer Manufacturing
HRL,Hormel Foods Corporation Common Stock,$32.415,0.085,0.263%,17773319022.00,United States,,753022,Consumer Staples,Meat/Poultry/Fish
HSBC,HSBC Holdings plc. Common Stock,$43.12,0.40,0.936%,159229857390.00,United Kingdom,,741885,Finance,Savings Institutions
HSY,The Hershey Company Common Stock,$197.54,-0.37,-0.187%,39959929642.00,United States,,414711,Consumer Staples,Specialty Foods
HUBB,Hubbell Inc Common Stock,$376.015,5.095,1.374%,20184834894.00,United States,2015,173328,Technology,Electrical Products
HUBS,HubSpot Inc. Common Stock,$494.82,7.41,1.52%,25408432019.00,United States,2014,159304,Technology,Computer Software: Prepackaged Software
HUM,Humana Inc. Common Stock,$359.185,2.205,0.618%,43246470606.00,United States,,453224,Health Care,Medical Specialities
HWM,Howmet Aerospace Inc. Common Stock,$96.13,0.50,0.523%,39235133331.00,United States,,722652,Industrials,Metal Fabrications
IBM,International Business Machines Corporation Common Stock,$196.6092,0.5792,0.295%,181106209700.00,United States,,1397652,Technology,Computer Manufacturing
IBN,ICICI Bank Limited Common Stock,$28.055,0.145,0.52%,98700132725.00,India,,1187224,Finance,Commercial Banks
ICE,Intercontinental Exchange Inc. Common Stock,$158.19,0.44,0.279%,90823537059.00,United States,2005,1016294,Finance,Investment Bankers/Brokers/Service
IEX,IDEX Corporation Common Stock,$201.28,2.26,1.136%,15237579346.00,United States,1989,115163,Industrials,Fluid Controls
IFF,International Flavors & Fragrances Inc. Common Stock,$99.82,1.93,1.972%,25519898849.00,United States,,694554,Industrials,Major Chemicals
IHG,Intercontinental Hotels Group American Depositary Shares (Each representing one Ordinary Share),$98.47,1.47,1.515%,15761533295.00,United Kingdom,,135048,Consumer Discretionary,Hotels/Resorts
INFY,Infosys Limited American Depositary Shares,$22.495,0.185,0.829%,93396884661.00,India,,5095010,Technology,EDP Services
ING,ING Group N.V. Common Stock,$17.60,0.10,0.571%,61568222654.00,Netherlands,1997,828796,Finance,Commercial Banks
INVH,Invitation Homes Inc. Common Stock,$35.86,0.18,0.504%,21967622418.00,United States,2017,537667,Finance,Real Estate
IOT,Samsara Inc. Class A Common Stock,$41.08,0.36,0.884%,22627116971.00,United States,2021,2082653,Technology,EDP Services
IP,International Paper Company Common Stock,$48.195,0.745,1.57%,16741484571.00,United States,,1360986,Basic Materials,Paper
IPG,Interpublic Group of Companies Inc. (The) Common Stock,$31.58,0.33,1.056%,11861150074.00,United States,,768143,Consumer Discretionary,Advertising
IQV,IQVIA Holdings Inc. Common Stock,$246.62,-0.32,-0.13%,44958826000.00,United States,2013,397773,Health Care,Biotechnology: Commercial Physical & Biological Resarch
IR,Ingersoll Rand Inc. Common Stock,$91.17,0.67,0.74%,36785652235.00,United States,2017,506376,Industrials,Industrial Machinery/Components
IRM,Iron Mountain Incorporated (Delaware)Common Stock REIT,$112.08,2.56,2.337%,32877079378.00,United States,,957002,Real Estate,Real Estate Investment Trusts
IT,Gartner Inc. Common Stock,$479.585,-4.275,-0.884%,36956587022.00,United States,1993,154333,Consumer Discretionary,Other Consumer Services
ITT,ITT Inc. Common Stock ,$135.12,1.73,1.297%,11039304000.00,United States,2011,91844,Industrials,Fluid Controls
ITUB,Itau Unibanco Banco Holding SA American Depositary Shares (Each repstg 500 Preferred shares),$6.79,-0.04,-0.586%,66547884621.00,Brazil,,13446618,Finance,Major Banks
ITW,Illinois Tool Works Inc. Common Stock,$246.37,2.99,1.229%,73147253000.00,United States,,331269,Industrials,Industrial Machinery/Components
IX,Orix Corp Ads Common Stock,$119.98,1.44,1.215%,29154205476.00,Japan,,9007,Finance,Diversified Financial Services
J,Jacobs Solutions Inc. Common Stock,$148.065,0.605,0.41%,18396828537.00,United States,2022,195199,Industrials,Military/Government/Technical
JBL,Jabil Inc. Common Stock,$108.55,1.68,1.572%,12314475592.00,United States,1993,373810,Technology,Electrical Products
JCI,Johnson Controls International plc Ordinary Share,$70.73,0.43,0.612%,47248598321.00,Switzerland,,1027961,Industrials,Industrial Machinery/Components
JEF,Jefferies Financial Group Inc. Common Stock,$57.465,0.355,0.622%,11808522099.00,United States,,376355,Finance,Investment Bankers/Brokers/Service
JHX,James Hardie Industries plc American Depositary Shares (Ireland),$34.37,0.70,2.079%,14909177871.00,Ireland,,42276,Industrials,Building Materials
JLL,Jones Lang LaSalle Incorporated Common Stock,$245.58,2.21,0.908%,11656266831.00,United States,,80572,Finance,Real Estate
JNJ,Johnson & Johnson Common Stock,$161.125,0.965,0.603%,387867135845.00,United States,,2231512,Health Care,Biotechnology: Pharmaceutical Preparations
JNPR,Juniper Networks Inc. Common Stock,$38.92,0.10,0.258%,12811042564.00,United States,1999,1829925,Telecommunications,Computer Communications Equipment
JPM,JP Morgan Chase & Co. Common Stock,$214.08,-0.44,-0.205%,609092864756.00,United States,,3193510,Finance,Major Banks
K,Kellanova Common Stock,$80.38,0.08,0.10%,27513092962.00,United States,,2757667,Consumer Staples,Packaged Foods
KB,KB Financial Group Inc,$65.28,-1.78,-2.654%,24719174496.00,South Korea,,106164,Finance,Commercial Banks
KEP,Korea Electric Power Corporation Common Stock,$7.93,0.42,5.593%,10181550261.00,South Korea,1994,108995,Utilities,Electric Utilities: Central
KEY,KeyCorp Common Stock,$16.405,-0.255,-1.531%,15473126000.00,United States,,6204587,Finance,Major Banks
KEYS,Keysight Technologies Inc. Common Stock,$156.26,17.69,12.766%,27273501330.00,United States,2014,3019916,Industrials,Industrial Machinery/Components
KGC,Kinross Gold Corporation Common Stock,$9.27,-0.13,-1.383%,11392830000.00,Canada,2001,13927230,Basic Materials,Precious Metals
KIM,Kimco Realty Corporation (HC) Common Stock,$22.795,0.305,1.356%,15366386824.00,United States,,1491417,Real Estate,Real Estate Investment Trusts
KKR,KKR & Co. Inc. Common Stock,$118.62,-0.03,-0.025%,105268118447.00,United States,,856495,Finance,Investment Managers
KKRS,KKR Group Finance Co. IX LLC 4.625% Subordinated Notes due 2061,$20.20,0.01,0.05%,17926285556.00,United States,2021,16101,,
KMB,Kimberly-Clark Corporation Common Stock,$144.37,0.13,0.09%,48624455126.00,United States,,836315,Consumer Discretionary,Containers/Packaging
KMI,Kinder Morgan Inc. Common Stock,$21.035,0.005,0.024%,46686396107.00,United States,2011,5807189,Utilities,Natural Gas Distribution
KMX,CarMax Inc,$82.25,2.46,3.083%,12837493802.00,United States,,703819,Consumer Discretionary,Retail-Auto Dealers and Gas Stations
KNSL,Kinsale Capital Group Inc. Common Stock,$477.07,2.18,0.459%,11109253821.00,United States,,50478,Finance,Property-Casualty Insurers
KO,Coca-Cola Company (The) Common Stock,$69.505,0.125,0.18%,299557385766.00,United States,,5075984,Consumer Staples,Beverages (Production/Distribution)
KOF,Coca Cola Femsa S.A.B. de C.V.  American Depositary Shares each representing 10 Units (each Unit consists of 3 Series B Shares and 5 Series L Shares),$87.58,-2.00,-2.233%,18399088933.00,Mexico,1993,143357,Consumer Staples,Beverages (Production/Distribution)
KR,Kroger Company (The) Common Stock,$52.68,0.64,1.23%,38023940872.00,United States,,2825862,Consumer Staples,Food Chains
KVUE,Kenvue Inc. Common Stock,$21.7351,0.1851,0.859%,41626353999.00,United States,2023,4981444,Consumer Discretionary,Specialty Chemicals
L,Loews Corporation Common Stock,$78.895,-0.015,-0.019%,17318755214.00,United States,,148703,Finance,Property-Casualty Insurers
LDOS,Leidos Holdings Inc. Common Stock,$151.28,1.14,0.759%,20379487931.00,United States,,211065,Technology,EDP Services
LEN,Lennar Corporation Class A Common Stock,$178.96,4.96,2.851%,49143140967.00,United States,,1724696,Consumer Discretionary,Homebuilding
LH,Labcorp Holdings Inc. Common Stock,$229.385,3.705,1.642%,19259916295.00,United States,,167788,Health Care,Medical Specialities
LHX,L3Harris Technologies Inc. Common Stock,$229.47,-0.17,-0.074%,43531649949.00,United States,,128027,Industrials,Industrial Machinery/Components
LII,Lennox International Inc. Common Stock,$581.67,8.81,1.538%,20727284039.00,United States,1999,95505,Industrials,Industrial Machinery/Components
LLY,Eli Lilly and Company Common Stock,$952.06,2.09,0.22%,904862366203.00,United States,,1843513,Health Care,Biotechnology: Pharmaceutical Preparations
LMT,Lockheed Martin Corporation Common Stock,$555.10,-1.91,-0.343%,132312527465.00,United States,,471258,Industrials,Military/Government/Technical
LNG,Cheniere Energy Inc. Common Stock,$181.96,-1.11,-0.606%,41172660372.00,United States,2001,636678,Utilities,Oil/Gas Transmission
LOW,Lowe's Companies Inc. Common Stock,$241.82,1.49,0.62%,137797566201.00,United States,,1065147,Consumer Discretionary,RETAIL: Building Materials
LUV,Southwest Airlines Company Common Stock,$26.585,0.065,0.245%,15928589350.00,United States,,2545404,Consumer Discretionary,Air Freight/Delivery Services
LVS,Las Vegas Sands Corp. Common Stock,$41.415,0.445,1.086%,30499320015.00,United States,2004,2425429,Consumer Discretionary,Hotels/Resorts
LYB,LyondellBasell Industries NV Ordinary Shares Class A (Netherlands),$96.90,0.34,0.352%,31501144837.00,Netherlands,,552722,Industrials,Major Chemicals
LYG,Lloyds Banking Group Plc American Depositary Shares,$3.02,0.04,1.342%,188079402030.00,United Kingdom,,6268833,Finance,Commercial Banks
LYV,Live Nation Entertainment Inc. Common Stock,$96.735,-0.105,-0.108%,22453522736.00,United States,,508455,Consumer Discretionary,Services-Misc. Amusement & Recreation
MA,Mastercard Incorporated Common Stock,$467.72,-1.40,-0.298%,432096100587.00,United States,2006,1191109,Consumer Discretionary,Business Services
MAA,Mid-America Apartment Communities Inc. Common Stock,$153.01,-0.09,-0.059%,17883227209.00,United States,1994,195909,Real Estate,Real Estate Investment Trusts
MAS,Masco Corporation Common Stock,$78.10,1.64,2.145%,17045234326.00,United States,,699473,Industrials,Industrial Specialties
MCD,McDonald's Corporation Common Stock,$289.23,3.60,1.26%,207477187330.00,United States,,1493712,Consumer Discretionary,Restaurants
MCK,McKesson Corporation Common Stock,$555.66,7.14,1.302%,72056189573.00,United States,,303695,Health Care,Other Pharmaceuticals
MCO,Moody's Corporation Common Stock,$475.92,2.38,0.503%,86665032000.00,United States,,281986,Finance,Finance: Consumer Services
MDT,Medtronic plc. Ordinary Shares,$87.11,1.73,2.026%,111698520797.00,United States,,4899229,Health Care,Biotechnology: Electromedical & Electrotherapeutic Apparatus
MET,MetLife Inc. Common Stock,$72.91,0.19,0.261%,51060684449.00,United States,2000,1010358,Finance,Life Insurance
MFC,Manulife Financial Corporation Common Stock,$26.10,0.03,0.115%,46412136610.00,Canada,,871685,Finance,Life Insurance
MFG,Mizuho Financial Group Inc. Sponosred ADR (Japan),$4.245,0.005,0.118%,53881041955.00,Japan,,436520,Finance,Major Banks
MGA,Magna International Inc. Common Stock,$41.25,0.58,1.426%,11850303919.00,Canada,,443770,Consumer Discretionary,Auto Parts:O.E.M.
MGM,MGM Resorts International Common Stock,$39.775,0.375,0.952%,12082440693.00,United States,,1354788,Consumer Discretionary,Hotels/Resorts
MKC,McCormick & Company Incorporated Common Stock,$78.73,0.63,0.807%,21149250686.00,United States,,391938,Consumer Staples,Packaged Foods
MKL,Markel Group Inc. Common Stock,$1571.41,24.47,1.582%,20342507443.00,United States,1986,16021,Finance,Property-Casualty Insurers
MLM,Martin Marietta Materials Inc. Common Stock,$541.795,5.395,1.006%,33112913730.00,United States,1994,136038,Industrials,Mining & Quarrying of Nonmetallic Minerals (No Fuels)
MMC,Marsh & McLennan Companies Inc. Common Stock,$224.34,0.21,0.094%,110320520401.00,United States,,333835,Finance,Specialty Insurers
MMM,3M Company Common Stock,$129.855,2.155,1.688%,71336314455.00,United States,,2248979,Health Care,Medical/Dental Instruments
MO,Altria Group Inc.,$51.7101,0.2701,0.525%,88229030623.00,United States,,3670084,Health Care, Medicinal Chemicals and Botanical Products 
MOH,Molina Healthcare Inc Common Stock,$347.87,-0.63,-0.181%,20385182000.00,United States,2003,100080,Health Care,Medical Specialities
MPC,Marathon Petroleum Corporation Common Stock,$172.25,0.64,0.373%,57649327613.00,United States,,1109997,Energy,Integrated oil Companies
MPLX,MPLX LP Common Units Representing Limited Partner Interests,$42.06,0.01,0.024%,42925785668.00,United States,2012,599969,Energy,Natural Gas Distribution
MRK,Merck & Company Inc. Common Stock (new),$116.32,1.18,1.025%,294849019172.00,United States,,4949464,Health Care,Biotechnology: Pharmaceutical Preparations
MRO,Marathon Oil Corporation Common Stock,$27.56,-0.23,-0.828%,15416607138.00,United States,,4673536,Energy,Oil & Gas Production
MS,Morgan Stanley Common Stock,$100.67,-0.11,-0.109%,162870331229.00,United States,,1756397,Finance,Investment Bankers/Brokers/Service
MSCI,MSCI Inc. Common Stock,$561.045,-1.955,-0.347%,44126178590.00,United States,,226807,Consumer Discretionary,Business Services
MSI,Motorola Solutions Inc. Common Stock,$425.13,-1.25,-0.293%,70929113905.00,United States,,240521,Technology,Radio And Television Broadcasting And Communications Equipment
MT,Arcelor Mittal NY Registry Shares NEW,$23.36,0.54,2.366%,19138188220.00,Luxembourg,,1313295,Industrials,Steel/Iron Ore
MTB,M&T Bank Corporation Common Stock,$161.84,-0.42,-0.259%,27027391831.00,United States,,331736,Finance,Major Banks
MTD,Mettler-Toledo International Inc. Common Stock,$1430.595,-0.335,-0.023%,30356107175.00,Switzerland,1997,27216,Industrials,Biotechnology: Laboratory Analytical Instruments
MUFG,Mitsubishi UFJ Financial Group Inc. Common Stock,$10.535,0.035,0.333%,123546353017.00,Japan,,1082142,Finance,Commercial Banks
MUSA,Murphy USA Inc. Common Stock,$509.40,-1.02,-0.20%,10438729227.00,United States,2013,57855,Consumer Discretionary,Retail-Auto Dealers and Gas Stations
NEE,NextEra Energy Inc. Common Stock,$79.64,0.66,0.836%,163688360784.00,United States,,3008829,Technology,EDP Services
NEM,Newmont Corporation,$51.89,0.44,0.855%,59540105754.00,United States,,3616452,Basic Materials,Precious Metals
NET,Cloudflare Inc. Class A Common Stock,$81.83,-0.50,-0.607%,27961534723.00,United States,2019,919127,Technology,Computer Software: Prepackaged Software
NGG,National Grid Transco PLC National Grid PLC (NEW) American Depositary Shares,$65.3994,0.2094,0.321%,63906078733.00,United Kingdom,,188103,Utilities,Natural Gas Distribution
NI,NiSource Inc Common Stock,$32.40,0.25,0.778%,14531718719.00,United States,,2808312,Utilities,Power Generation
NKE,Nike Inc. Common Stock,$84.10,0.54,0.646%,126096087190.00,United States,,4606003,Consumer Discretionary,Shoe Manufacturing
NLY,Annaly Capital Management Inc. Common Stock,$20.084,-0.066,-0.328%,10062453847.00,United States,,1768076,Real Estate,Real Estate Investment Trusts
NMR,Nomura Holdings Inc ADR American Depositary Shares,$5.805,0.005,0.086%,17245233704.00,Japan,,748903,Finance,Investment Bankers/Brokers/Service
NOC,Northrop Grumman Corporation Common Stock,$506.575,-1.465,-0.288%,74084194611.00,United States,,245899,Industrials,Industrial Machinery/Components
NOK,Nokia Corporation Sponsored American Depositary Shares,$4.15,0.00,0.00%,23296011122.00,Finland,1994,6907502,Technology,Radio And Television Broadcasting And Communications Equipment
NOW,ServiceNow Inc. Common Stock,$836.12,-2.10,-0.251%,172240720000.00,United States,2012,328670,Technology,Computer Software: Prepackaged Software
NRG,NRG Energy Inc. Common Stock,$82.72,0.80,0.977%,17071739703.00,United States,,1132360,Utilities,Electric Utilities: Central
NSC,Norfolk Southern Corporation Common Stock,$241.085,0.315,0.131%,54508458550.00,United States,,339066,Industrials,Railroads
NTR,Nutrien Ltd. Common Shares,$47.715,0.915,1.955%,23607337699.00,Canada,2004,1180786,Industrials,Agricultural Chemicals
NU,Nu Holdings Ltd. Class A Ordinary Shares,$14.435,-0.015,-0.104%,68796302818.00,Cayman Islands,2021,22791427,Finance,Finance: Consumer Services
NUE,Nucor Corporation Common Stock,$146.99,3.59,2.503%,34886313796.00,United States,,468823,Industrials,Steel/Iron Ore
NVO,Novo Nordisk A/S Common Stock,$134.835,-0.975,-0.718%,601664686722.00,Denmark,,1901482,Health Care,Biotechnology: Pharmaceutical Preparations
NVR,NVR Inc. Common Stock,$8944.58,160.43,1.826%,27527776796.00,United States,1998,13683,Consumer Discretionary,Homebuilding
NVS,Novartis AG Common Stock,$117.63,0.50,0.427%,240439717773.00,Switzerland,,518284,Health Care,Biotechnology: Pharmaceutical Preparations
NVT,nVent Electric plc Ordinary Shares ,$66.215,0.845,1.293%,11005934171.00,United Kingdom,2018,640597,Industrials,Industrial Machinery/Components
NWG,NatWest Group plc American Depositary Shares (each representing two (2) Ordinary Shares),$9.245,0.095,1.038%,38385270333.00,United Kingdom,2022,1400279,Finance,Commercial Banks
O,Realty Income Corporation Common Stock,$60.8697,0.3097,0.511%,53009450039.00,United States,,2002235,Real Estate,Real Estate Investment Trusts
OC,Owens Corning Inc Common Stock New,$163.475,2.805,1.746%,14213883151.00,United States,,306854,Industrials,Industrial Machinery/Components
OKE,ONEOK Inc. Common Stock,$87.13,0.54,0.624%,50890360998.00,United States,,832858,Utilities,Oil & Gas Production
OMC,Omnicom Group Inc. Common Stock,$97.105,0.835,0.867%,18998480900.00,United States,,252396,Consumer Discretionary,Advertising
ONON,On Holding AG Class A Ordinary Shares,$43.015,1.285,3.079%,27084514203.00,,2021,7151496,Consumer Discretionary,Shoe Manufacturing
ONTO,Onto Innovation Inc. Common Stock,$214.675,4.625,2.202%,10601427979.00,United States,,224874,Industrials,Industrial Machinery/Components
ORAN,Orange,$11.415,0.065,0.573%,30364546078.00,France,,161746,Telecommunications,Telecommunications Equipment
ORCL,Oracle Corporation Common Stock,$140.04,0.87,0.625%,385930634400.00,United States,1986,2003932,Technology,Computer Software: Prepackaged Software
OTIS,Otis Worldwide Corporation Common Stock ,$93.90,1.15,1.24%,37612092621.00,United States,2020,619499,Technology,Consumer Electronics/Appliances
OVV,Ovintiv Inc. (DE),$42.745,0.145,0.34%,11288954500.00,Canada,,2324485,Energy,Oil & Gas Production
OWL,Blue Owl Capital Inc. Class A Common Stock,$17.315,-0.365,-2.064%,25340252679.00,United States,2020,3312138,Finance,Investment Managers
OXY,Occidental Petroleum Corporation Common Stock,$55.89,-0.28,-0.498%,50614862591.00,United States,,9653274,Energy,Oil & Gas Production
PAG,Penske Automotive Group Inc. Common Stock,$168.11,3.86,2.35%,11224862892.00,United States,,49821,Consumer Discretionary,Retail-Auto Dealers and Gas Stations
PBA,Pembina Pipeline Corp. Ordinary Shares (Canada),$38.99,0.33,0.854%,22622543860.00,Canada,,497356,Energy,Oil & Gas Production
PBR,Petroleo Brasileiro S.A.- Petrobras Common Stock,$14.875,-0.115,-0.767%,96242270886.00,Brazil,,11046319,Energy,Oil & Gas Production
PCG,Pacific Gas & Electric Co. Common Stock,$18.67,0.04,0.215%,53761750404.00,United States,,2850078,Utilities,Power Generation
PEG,Public Service Enterprise Group Incorporated Common Stock,$81.05,0.70,0.871%,40376003191.00,United States,,867583,Utilities,Power Generation
PFE,Pfizer Inc. Common Stock,$29.00,0.10,0.346%,164334156856.00,United States,,9141607,Health Care,Biotechnology: Pharmaceutical Preparations
PFGC,Performance Food Group Company Common Stock,$73.89,1.13,1.553%,11514666179.00,United States,2015,373145,Consumer Discretionary,Food Distributors
PG,Procter & Gamble Company (The) Common Stock,$170.05,-0.36,-0.211%,400306370339.00,United States,,2040462,Consumer Discretionary,Package Goods/Cosmetics
PGR,Progressive Corporation (The) Common Stock,$237.9184,-0.8316,-0.348%,139340875870.00,United States,,1104892,Finance,Property-Casualty Insurers
PH,Parker-Hannifin Corporation Common Stock,$587.97,5.68,0.975%,75578245890.00,United States,,508719,Industrials,Metal Fabrications
PHG,Koninklijke Philips N.V. NY Registry Shares,$29.785,0.405,1.378%,26997218001.00,Netherlands,,615445,Health Care,Medical Electronics
PHM,PulteGroup Inc. Common Stock,$129.19,4.45,3.567%,26810029823.00,United States,,1059951,Consumer Discretionary,Homebuilding
PINS,Pinterest Inc. Class A Common Stock,$32.415,0.765,2.417%,22243029791.00,United States,2019,6797988,Technology,Computer Software: Programming Data Processing
PKG,Packaging Corporation of America Common Stock,$200.925,4.185,2.127%,18045437924.00,United States,2000,199796,Consumer Discretionary,Containers/Packaging
PKX,POSCO Holdings Inc. American Depositary Shares (Each representing 1/4th of a share of Common Stock),$62.24,1.63,2.689%,18890140495.00,South Korea,1994,55716,Industrials,Steel/Iron Ore
PLD,Prologis Inc. Common Stock,$124.83,0.68,0.548%,115581470130.00,United States,,981209,Real Estate,Real Estate Investment Trusts
PLTR,Palantir Technologies Inc. Class A Common Stock,$32.2401,-0.0799,-0.247%,72200213942.00,United States,2020,30817413,Technology,Computer Software: Prepackaged Software
PM,Philip Morris International Inc Common Stock,$119.88,0.90,0.756%,186389607896.00,United States,,1716508,Health Care, Medicinal Chemicals and Botanical Products 
PNC,PNC Financial Services Group Inc. (The) Common Stock,$172.97,-0.62,-0.357%,68754928957.00,United States,,426833,Finance,Major Banks
PNR,Pentair plc. Ordinary Share,$84.83,0.67,0.796%,14039172945.00,Switzerland,,413773,Industrials,Industrial Machinery/Components
PPG,PPG Industries Inc. Common Stock,$124.74,1.74,1.415%,29101842000.00,United States,,530070,Consumer Discretionary,Paints/Coatings
PPL,PPL Corporation Common Stock,$31.62,0.14,0.445%,23328391872.00,United States,,1753488,Utilities,Electric Utilities: Central
PR,Permian Resources Corporation Class A Common Stock,$14.195,-0.075,-0.526%,11392011125.00,United States,2022,7243638,Energy,Oil & Gas Production
PRU,Prudential Financial Inc. Common Stock,$114.29,1.03,0.909%,40801530000.00,United States,2001,521815,Finance,Life Insurance
PSA,Public Storage Common Stock,$328.58,3.03,0.931%,57507554087.00,United States,,216942,Real Estate,Real Estate Investment Trusts
PSN,Parsons Corporation Common Stock,$95.575,1.525,1.621%,10148643991.00,United States,2019,262310,Technology,EDP Services
PSTG,Pure Storage Inc. Class A Common Stock,$62.22,0.67,1.089%,20236087977.00,United States,2015,964979,Technology,Electronic Components
PSX,Phillips 66 Common Stock,$134.04,1.65,1.246%,56105013289.00,United States,,1704939,Energy,Integrated oil Companies
PUK,Prudential Public Limited Company Common Stock,$17.39,0.45,2.656%,23750668358.00,United Kingdom,,436102,Finance,Life Insurance
PWR,Quanta Services Inc. Common Stock,$270.815,3.955,1.482%,39899114100.00,United States,,417582,Industrials,Engineering & Construction
QGEN,Qiagen N.V. Common Shares,$47.005,0.035,0.075%,10726670499.00,Netherlands,,466465,Health Care,Biotechnology: Biological Products (No Diagnostic Substances)
QSR,Restaurant Brands International Inc. Common Shares,$72.39,0.91,1.273%,32619057280.00,Canada,2014,507249,Consumer Discretionary,Restaurants
RACE,Ferrari N.V. Common Shares,$479.40,12.67,2.715%,116854211183.00,Italy,2015,305366,Consumer Discretionary,Auto Manufacturing
RBA,RB Global Inc. Common Stock,$83.84,0.46,0.552%,15447855779.00,Canada,,205772,Consumer Discretionary,Business Services
RBLX,Roblox Corporation Class A Common Stock,$43.32,2.78,6.857%,28036704000.00,United States,2021,7858653,Technology,Computer Software: Prepackaged Software
RCI,Rogers Communication Inc. Common Stock,$40.205,0.455,1.145%,21359491997.00,Canada,,226303,Telecommunications,Cable & Other Pay Television Services
RCL,Royal Caribbean Cruises Ltd. Common Stock,$158.19,-0.65,-0.409%,40721323743.00,United States,1993,1117740,Consumer Discretionary,Marine Transportation
RDY,Dr. Reddy's Laboratories Ltd Common Stock,$83.705,0.525,0.631%,13963522956.00,India,,92347,Health Care,Biotechnology: Pharmaceutical Preparations
RELX,RELX PLC PLC American Depositary Shares (Each representing One Ordinary Share),$46.305,0.345,0.751%,86424444279.00,United Kingdom,2015,356492,Consumer Discretionary,Business Services
REXR,Rexford Industrial Realty Inc. Common Stock,$51.085,0.115,0.226%,11212735231.00,United States,2013,541786,Real Estate,Real Estate Investment Trusts
RF,Regions Financial Corporation Common Stock,$21.715,-0.125,-0.572%,19871936726.00,United States,,3021768,Finance,Major Banks
RGA,Reinsurance Group of America Incorporated Common Stock,$208.40,1.20,0.579%,13724733843.00,United States,,88412,Finance,Life Insurance
RIO,Rio Tinto Plc Common Stock,$63.43,1.43,2.306%,79457703622.00,Australia,2002,1663454,Basic Materials,Metal Mining
RJF,Raymond James Financial Inc. Common Stock,$116.065,0.485,0.42%,23902825364.00,United States,,405929,Finance,Investment Bankers/Brokers/Service
RKT,Rocket Companies Inc. Class A Common Stock,$19.9199,0.6199,3.212%,39629609697.00,United States,2020,1782526,Finance,Finance: Consumer Services
RL,Ralph Lauren Corporation Common Stock,$169.33,2.59,1.553%,10488194877.00,United States,1997,606122,Consumer Discretionary,Apparel
RMD,ResMed Inc. Common Stock,$224.49,1.34,0.60%,32984791394.00,United States,,322082,Health Care,Medical/Dental Instruments
RNR,RenaissanceRe Holdings Ltd. Common Stock,$244.615,-0.055,-0.022%,12758058483.00,Bermuda,,70325,Finance,Property-Casualty Insurers
ROK,Rockwell Automation Inc. Common Stock,$266.16,0.75,0.283%,30200478659.00,United States,,537688,Industrials,Industrial Machinery/Components
ROL,Rollins Inc. Common Stock,$49.935,0.435,0.879%,24184211600.00,United States,,917197,Finance,Diversified Commercial Services
RPM,RPM International Inc. Common Stock,$116.265,1.015,0.881%,14974584135.00,United States,,146961,Consumer Discretionary,Paints/Coatings
RRX,Regal Rexnord Corporation Common Stock,$159.75,2.21,1.403%,10629943121.00,United States,1976,117901,Consumer Discretionary,Metal Fabrications
RS,Reliance Inc. Common Stock,$283.37,4.30,1.541%,15589750169.00,United States,1994,74574,Industrials,Metal Fabrications
RSG,Republic Services Inc. Common Stock,$205.82,0.52,0.253%,64641534830.00,United States,1998,182290,Utilities,Environmental Services
RTO,Rentokil Initial plc American Depositary Shares (each representing five (5) Ordinary Shares),$32.27,0.56,1.766%,16293380418.00,United States,2022,303897,Consumer Discretionary,Other Consumer Services
RTX,RTX Corporation Common Stock,$117.45,-0.50,-0.424%,156236613537.00,United States,,1806200,Industrials,Aerospace
RVTY,Revvity Inc. Common Stock,$120.32,0.82,0.686%,14839872707.00,United States,,188126,Industrials,Biotechnology: Laboratory Analytical Instruments
RY,Royal Bank Of Canada Common Stock,$112.891,0.311,0.276%,159662192864.00,Canada,,435138,Finance,Commercial Banks
RYAN,Ryan Specialty Holdings Inc. Class A Common Stock,$65.30,0.13,0.199%,17072567329.00,United States,2021,201780,Finance,Specialty Insurers
SAN,Banco Santander S.A. Sponsored ADR (Spain),$4.745,0.055,1.173%,73497870769.00,Spain,,1032091,Finance,Commercial Banks
SAP,SAP  SE ADS,$219.0501,1.2801,0.588%,255681641440.00,Germany,,318780,Technology,Computer Software: Prepackaged Software
SBS,Companhia de saneamento Basico Do Estado De Sao Paulo - Sabesp American Depositary Shares (Each repstg 250 Common Shares),$18.195,-0.035,-0.192%,12436462066.00,Brazil,2002,638741,Utilities,Water Supply
SCCO,Southern Copper Corporation Common Stock,$104.40,1.08,1.045%,81553026848.00,United States,,438587,Basic Materials,Metal Mining
SCHW,Charles Schwab Corporation (The) Common Stock,$65.00,0.16,0.247%,118907011795.00,United States,,3602894,Finance,Investment Bankers/Brokers/Service
SCI,Service Corporation International Common Stock,$76.15,1.37,1.832%,10996326677.00,United States,,297217,Consumer Discretionary,Other Consumer Services
SE,Sea Limited American Depositary Shares each representing one Class A Ordinary Share,$81.89,0.83,1.024%,47032703173.00,United States,2017,2277054,Consumer Discretionary,Other Consumer Services
SHEL,Shell PLC American Depositary Shares (each representing two (2) Ordinary Shares) ,$71.33,-0.07,-0.098%,224429811366.00,Netherlands,2022,1392312,Energy,Oil & Gas Production
SHG,Shinhan Financial Group Co Ltd American Depositary Shares,$44.005,0.245,0.56%,22563980521.00,South Korea,,72362,Finance,Major Banks
SHOP,Shopify Inc. Class A Subordinate Voting Shares,$75.195,0.325,0.434%,97030613168.00,Canada,2015,3508772,Technology,Computer Software: Prepackaged Software
SHW,Sherwin-Williams Company (The) Common Stock,$357.69,2.35,0.661%,90230031675.00,United States,,499565,Consumer Discretionary,RETAIL: Building Materials
SJM,The J.M. Smucker Company Common Stock,$121.02,-0.56,-0.461%,12851761257.00,United States,,312394,Consumer Staples,Packaged Foods
SKX,Skechers U.S.A. Inc. Common Stock,$67.41,1.66,2.525%,10269474796.00,United States,1999,694816,Consumer Discretionary,Shoe Manufacturing
SLB,Schlumberger N.V. Common Stock,$44.265,0.235,0.534%,62849272002.00,France,,3296910,Energy,Oilfield Services/Equipment
SLF,Sun Life Financial Inc. Common Stock,$53.23,0.88,1.681%,30760751587.00,Canada,,185129,Finance,Life Insurance
SMFG,Sumitomo Mitsui Financial Group Inc Unsponsored American Depositary Shares (Japan),$13.605,-0.095,-0.693%,90985415939.00,Japan,,719114,Finance,Commercial Banks
SN,SharkNinja Inc. Ordinary Shares,$91.26,2.05,2.298%,12692748255.00,United States,2023,880100,Consumer Discretionary,Consumer Electronics/Appliances
SNA,Snap-On Incorporated Common Stock,$279.02,3.67,1.333%,14699514956.00,United States,,66982,Consumer Discretionary,Industrial Machinery/Components
SNAP,Snap Inc. Class A Common Stock,$9.38,-0.09,-0.95%,15565965707.00,United States,2017,11784082,Technology,Computer Software: Programming Data Processing
SNN,Smith & Nephew SNATS Inc. Common Stock,$30.665,0.105,0.344%,13406010412.00,United Kingdom,,272646,Health Care,Industrial Specialties
SNOW,Snowflake Inc. Class A Common Stock,$133.99,2.07,1.569%,44859852000.00,United States,2020,5193232,Technology,Computer Software: Prepackaged Software
SNX,TD SYNNEX Corporation Common Stock,$119.025,1.595,1.358%,10171836389.00,United States,2003,217763,Technology,Retail: Computer Software & Peripheral Equipment
SO,Southern Company (The) Common Stock,$87.35,0.55,0.634%,95610317127.00,United States,,2588367,Utilities,Electric Utilities: Central
SOJC,Southern Company (The) Series 2017B 5.25% Junior Subordinated Notes due December 1 2077,$24.35,0.08,0.33%,26652675696.00,United States,2017,14686,Utilities,Electric Utilities: Central
SOJD,Southern Company (The) Series 2020A 4.95% Junior Subordinated Notes due January 30 2080,$23.1299,0.1699,0.74%,25317196040.00,United States,2020,26717,Utilities,Electric Utilities: Central
SOJE,Southern Company (The) Series 2020C 4.20% Junior Subordinated Notes due October 15 2060,$20.79,0.12,0.581%,22756021672.00,United States,2020,49076,Basic Materials,Metal Mining
SOLV,Solventum Corporation Common Stock,$59.365,-0.085,-0.143%,10252964353.00,United States,2024,396006,Health Care,Medical/Dental Instruments
SONY,Sony Group Corporation American Depositary Shares ,$92.86,2.07,2.28%,113423743554.00,Japan,,542780,Consumer Staples,Consumer Electronics/Appliances
SPG,Simon Property Group Inc. Common Stock,$160.605,1.205,0.756%,52364197527.00,United States,,364058,Real Estate,Real Estate Investment Trusts
SPGI,S&P Global Inc. Common Stock,$498.95,1.09,0.219%,156171350000.00,United States,,328135,Finance,Finance: Consumer Services
SPOT,Spotify Technology S.A. Ordinary Shares,$345.82,-0.46,-0.133%,68176126784.00,Luxembourg,2018,1281716,Consumer Discretionary,Broadcasting
SQ,Block Inc. Class A Common Stock,$65.37,0.49,0.755%,40244713650.00,United States,2015,4142367,Technology,Computer Software: Prepackaged Software
SQM,Sociedad Quimica y Minera S.A. Common Stock,$38.2101,0.9401,2.522%,10914273968.00,Chile,1993,1196033,Industrials,Mining & Quarrying of Nonmetallic Minerals (No Fuels)
SRE,DBA Sempra Common Stock,$81.24,0.48,0.594%,51436770885.00,United States,,703531,Utilities,Natural Gas Distribution
SREA,DBA Sempra 5.750% Junior Subordinated Notes due 2079,$24.20,-0.08,-0.329%,15322130175.00,United States,2019,53546,Utilities,Natural Gas Distribution
STE,STERIS plc (Ireland) Ordinary Shares,$234.89,1.62,0.694%,23164086763.00,United States,,118034,Health Care,Industrial Specialties
STLA,Stellantis N.V. Common Shares,$16.56,0.26,1.595%,50062520086.00,United Kingdom,2014,4610814,Consumer Discretionary,Auto Manufacturing
STM,STMicroelectronics N.V. Common Stock,$31.425,0.545,1.765%,28369581220.00,Switzerland,,2054019,Technology,Semiconductors
STT,State Street Corporation Common Stock,$80.825,0.405,0.504%,24135962470.00,United States,,753478,Finance,Major Banks
STZ,Constellation Brands Inc. Common Stock,$243.73,0.68,0.28%,44411986316.00,United States,,304928,Consumer Staples,Beverages (Production/Distribution)
SU,Suncor Energy  Inc. Common Stock,$40.35,0.03,0.074%,51245815571.00,Canada,,1202368,Energy,Integrated oil Companies
SUI,Sun Communities Inc. Common Stock,$132.025,0.125,0.095%,16459541699.00,United States,1993,116979,Real Estate,Real Estate Investment Trusts
SUZ,Suzano S.A. American Depositary Shares (each representing One Ordinary Share),$10.375,0.135,1.318%,13530220256.00,Brazil,2018,1616918,Basic Materials,Paper
SW,Smurfit WestRock plc Ordinary Shares,$43.705,0.695,1.616%,22698555507.00,,2024,2838956,Consumer Discretionary,Containers/Packaging
SWK,Stanley Black & Decker Inc. Common Stock,$98.28,1.32,1.361%,15131138088.00,United States,,346436,Consumer Discretionary,Industrial Machinery/Components
SYF,Synchrony Financial Common Stock,$47.20,0.09,0.191%,18654700287.00,United States,2014,827447,Finance,Finance: Consumer Services
SYK,Stryker Corporation Common Stock,$343.90,0.97,0.283%,131051817680.00,United States,,271034,Health Care,Medical/Dental Instruments
SYY,Sysco Corporation Common Stock,$77.02,0.48,0.627%,38354610995.00,United States,,703033,Consumer Discretionary,Food Distributors
T,AT&T Inc.,$19.5199,0.0299,0.153%,139962443455.00,United States,,12053869,Telecommunications,Telecommunications Equipment
TAK,Takeda Pharmaceutical Company Limited American Depositary Shares (each representing 1/2 of a share of Common Stock),$14.91,0.15,1.016%,46787981496.00,Japan,2018,1733636,Health Care,Biotechnology: Pharmaceutical Preparations
TAP,Molson Coors Beverage Company Class B Common Stock,$53.17,-0.56,-1.042%,10376324037.00,Canada,,1045847,Consumer Staples,Beverages (Production/Distribution)
TBB,AT&T Inc. 5.350% Global Notes due 2066,$23.41,0.06,0.257%,167855409161.00,United States,2017,38344,Telecommunications,Telecommunications Equipment
TBC,AT&T Inc. 5.625% Global Notes due 2067,$24.5101,-0.0999,-0.406%,175743394450.00,United States,2018,64124,Telecommunications,Telecommunications Equipment
TD,Toronto Dominion Bank (The) Common Stock,$59.625,0.195,0.328%,105661462500.00,Canada,,838930,Finance,Commercial Banks
TDG,Transdigm Group Incorporated Common Stock,$1313.4701,3.0601,0.234%,73700636975.00,United States,2006,90022,Industrials,Military/Government/Technical
TDY,Teledyne Technologies Incorporated Common Stock,$420.035,4.585,1.104%,19651006907.00,United States,,117394,Industrials,Industrial Machinery/Components
TECK,Teck Resources Ltd Ordinary Shares,$49.005,0.525,1.083%,25374789000.00,Canada,,1166212,Industrials,Mining & Quarrying of Nonmetallic Minerals (No Fuels)
TEF,Telefonica SA Common Stock,$4.53,0.00,0.00%,26049575397.00,Spain,1988,305633,Telecommunications,Telecommunications Equipment
TEL,TE Connectivity Ltd. New Switzerland Registered Shares,$152.54,2.46,1.639%,46359752701.00,Switzerland,,548942,Technology,Electronic Components
TEVA,Teva Pharmaceutical Industries Limited American Depositary Shares,$18.185,-0.085,-0.465%,20601947692.00,Israel,,3333429,Health Care,Biotechnology: Pharmaceutical Preparations
TFC,Truist Financial Corporation Common Stock,$41.77,-0.49,-1.159%,55936021447.00,United States,,3780480,Finance,Major Banks
TFII,TFI International Inc. Common Shares,$147.505,0.665,0.453%,12479584265.00,Canada,,111897,Industrials,Trucking Freight/Courier Services
TFX,Teleflex Incorporated Common Stock,$237.83,0.79,0.333%,11205952409.00,United States,,90494,Health Care,Medical/Dental Instruments
TGT,Target Corporation Common Stock,$160.80,16.47,11.411%,74391960938.00,United States,,21947498,Consumer Discretionary,Department/Specialty Retail Stores
THC,Tenet Healthcare Corporation Common Stock,$157.93,2.71,1.746%,15133168460.00,United States,,309961,Health Care,Hospital/Nursing Management
TJX,TJX Companies Inc. (The) Common Stock,$119.4815,6.1715,5.447%,135031916383.00,United States,,8335723,Consumer Discretionary,Clothing/Shoe/Accessory Stores
TKO,TKO Group Holdings Inc. Class A Common Stock,$119.66,0.79,0.665%,20418826315.00,United States,2023,323416,Consumer Discretionary,Services-Misc. Amusement & Recreation
TLK,PT Telekomunikasi Indonesia Tbk,$19.13,-0.09,-0.468%,18950602036.00,Indonesia,,968125,Telecommunications,Telecommunications Equipment
TM,Toyota Motor Corporation Common Stock,$183.45,2.11,1.164%,247183685890.00,Japan,,205883,Consumer Discretionary,Auto Manufacturing
TME,Tencent Music Entertainment Group American Depositary Shares each representing two Class A Ordinary Shares,$10.485,0.105,1.012%,17993068719.00,United States,2018,4761749,Consumer Discretionary,Broadcasting
TMO,Thermo Fisher Scientific Inc Common Stock,$611.36,-3.18,-0.517%,233536809230.00,United States,,499529,Industrials,Industrial Machinery/Components
TOL,Toll Brothers Inc. Common Stock,$141.5225,8.0025,5.993%,14527284625.00,United States,,3022186,Consumer Discretionary,Homebuilding
TOST,Toast Inc. Class A Common Stock,$24.18,0.15,0.624%,13589160000.00,United States,2021,1859876,Technology,EDP Services
TPL,Texas Pacific Land Corporation Common Stock,$833.11,15.60,1.908%,19145384328.00,United States,,31074,Energy,Oil & Gas Production
TRGP,Targa Resources Inc. Common Stock,$142.22,0.62,0.438%,31157516925.00,United States,2010,584436,Utilities,Natural Gas Distribution
TRI,Thomson Reuters Corp Common Shares,$165.61,1.90,1.161%,74612365876.00,United States,,99287,Consumer Discretionary,Publishing
TRP,TC Energy Corporation Common Stock,$44.28,-0.21,-0.472%,45918360000.00,Canada,,1247028,Utilities,Natural Gas Distribution
TRU,TransUnion Common Stock,$93.87,0.57,0.611%,18238941000.00,United States,2015,1297729,Finance,Finance: Consumer Services
TRV,The Travelers Companies Inc. Common Stock,$216.89,-0.13,-0.06%,49436048720.00,United States,,295879,Finance,Property-Casualty Insurers
TS,Tenaris S.A. American Depositary Shares,$28.02,0.39,1.412%,16362121247.00,Luxembourg,,1207264,Industrials,Steel/Iron Ore
TSM,Taiwan Semiconductor Manufacturing Company Ltd.,$171.39,-0.65,-0.378%,888899529395.00,Taiwan,1997,6521576,Technology,Semiconductors
TSN,Tyson Foods Inc. Common Stock,$63.02,0.61,0.977%,22424387568.00,United States,,717297,Consumer Staples,Meat/Poultry/Fish
TT,Trane Technologies plc,$351.87,4.20,1.208%,79406584182.00,Ireland,,339899,Industrials,Auto Parts:O.E.M.
TTE,TotalEnergies SE,$68.93,0.28,0.408%,158647281517.00,France,,654763,Energy,Oil & Gas Production
TU,Telus Corporation Ordinary Shares,$15.935,0.045,0.283%,23520060000.00,Canada,,940744,Telecommunications,Telecommunications Equipment
TVE,Tennessee Valley Authority,$22.3099,0.1499,0.676%,17757030360.00,United States,,4406,Utilities,Electric Utilities: Central
TXT,Textron Inc. Common Stock,$88.20,0.26,0.296%,16525376910.00,United States,,399749,Industrials,Aerospace
TYL,Tyler Technologies Inc. Common Stock,$579.355,2.725,0.473%,24722621252.00,United States,,88769,Technology,Computer Software: Prepackaged Software
UBER,Uber Technologies Inc. Common Stock,$73.175,-0.135,-0.184%,153736081732.00,United States,2019,6479411,Consumer Discretionary,Business Services
UBS,UBS Group AG Registered Ordinary Shares,$30.645,0.185,0.607%,106031700000.00,Switzerland,2014,1440419,Finance,Major Banks
UDR,UDR Inc. Common Stock,$42.32,0.22,0.523%,13958133102.00,United States,,796355,Real Estate,Real Estate Investment Trusts
UHAL,U-Haul Holding Company Common Stock,$70.23,0.68,0.978%,13770549512.00,United States,2022,51242,Consumer Discretionary,Rental/Leasing Companies
UHS,Universal Health Services Inc. Common Stock,$228.03,0.47,0.207%,15212600963.00,United States,,293848,Health Care,Hospital/Nursing Management
UI,Ubiquiti Inc. Common Stock,$180.12,2.07,1.163%,10890308269.00,United States,,8479,Technology,Radio And Television Broadcasting And Communications Equipment
UL,Unilever PLC Common Stock,$61.845,0.485,0.79%,154207419270.00,United Kingdom,,1059058,Consumer Discretionary,Package Goods/Cosmetics
ULS,UL Solutions Inc. Class A Common Stock,$53.31,0.36,0.68%,10662370451.00,,2024,135576,Health Care,Precision Instruments
UMC,United Microelectronics Corporation (NEW) Common Stock,$8.90,0.13,1.482%,22303083445.00,Taiwan,,5963389,Technology,Semiconductors
UNH,UnitedHealth Group Incorporated Common Stock (DE),$579.83,-0.82,-0.141%,535425545915.00,United States,,1118022,Health Care,Medical Specialities
UNM,Unum Group Common Stock,$53.91,-0.15,-0.277%,10014996068.00,United States,,475844,Finance,Accident &Health Insurance
UNP,Union Pacific Corporation Common Stock,$245.90,-0.60,-0.243%,149801696725.00,United States,,668044,Industrials,Railroads
UPS,United Parcel Service Inc. Common Stock,$128.245,-0.635,-0.493%,109851823039.00,United States,1999,2572366,Industrials,Trucking Freight/Courier Services
URI,United Rentals Inc. Common Stock,$724.95,8.71,1.216%,47945199681.00,United States,1997,114688,Consumer Discretionary,Diversified Commercial Services
USB,U.S. Bancorp Common Stock,$43.54,-0.20,-0.457%,67944780997.00,United States,,2055716,Finance,Major Banks
USFD,US Foods Holding Corp. Common Stock,$58.14,0.81,1.413%,14218630143.00,United States,2016,1678082,Consumer Discretionary,Food Distributors
UWMC,UWM Holdings Corporation Class A Common Stock,$9.4299,0.1899,2.055%,15065978606.00,United States,,1145033,Finance,Finance: Consumer Services
V,Visa Inc.,$268.42,0.38,0.142%,489143436378.00,United States,,2002103,Consumer Discretionary,Business Services
VALE,VALE S.A.  American Depositary Shares Each Representing one common share,$10.635,0.255,2.457%,48272345486.00,Brazil,,13125042,Basic Materials,Metal Mining
VEEV,Veeva Systems Inc. Class A Common Stock,$199.665,5.995,3.095%,32276189276.00,United States,2013,654686,Technology,Computer Software: Prepackaged Software
VICI,VICI Properties Inc. Common Stock,$32.16,0.17,0.531%,33677075576.00,United States,2018,1774910,Real Estate,Real Estate Investment Trusts
VIK,Viking Holdings Ltd Ordinary Shares,$36.06,0.13,0.362%,15558268165.00,,2024,1157153,Consumer Discretionary,Marine Transportation
VIV,Telefonica Brasil S.A. American Depositary Shares (Each representing One Common Share),$9.59,0.04,0.419%,15848322372.00,Brazil,2020,279091,Telecommunications,Telecommunications Equipment
VLO,Valero Energy Corporation Common Stock,$143.86,2.60,1.841%,46089937148.00,United States,,1587677,Energy,Integrated oil Companies
VLTO,Veralto Corp Common Stock ,$109.78,0.38,0.347%,27127340592.00,United States,2023,579695,Industrials,Electrical Products
VMC,Vulcan Materials Company (Holding Company) Common Stock,$248.71,3.11,1.266%,32844646579.00,United States,,358978,Industrials,Mining & Quarrying of Nonmetallic Minerals (No Fuels)
VRT,Vertiv Holdings LLC Class A Common Stock,$77.44,0.93,1.216%,29051442147.00,United States,2018,3527826,Technology,Industrial Machinery/Components
VST,Vistra Corp. Common Stock,$82.205,2.565,3.221%,28242465134.00,United States,,2747173,Utilities,Electric Utilities: Central
VTR,Ventas Inc. Common Stock,$58.77,-0.16,-0.272%,24281048062.00,United States,,559586,Real Estate,Real Estate Investment Trusts
WAB,Westinghouse Air Brake Technologies Corporation Common Stock,$161.075,0.945,0.59%,28217639094.00,United States,,144579,Industrials,Railroads
WAT,Waters Corporation Common Stock,$337.02,0.86,0.256%,20006156638.00,United States,1995,111598,Industrials,Biotechnology: Laboratory Analytical Instruments
WCN,Waste Connections Inc. Common Shares,$184.62,2.12,1.162%,47638868665.00,Canada,,406096,Utilities,Environmental Services
WDS,Woodside Energy Group Limited American Depositary Shares each representing one Ordinary Share,$17.515,0.035,0.20%,33256602239.00,Australia,2022,489192,Energy,Oil & Gas Production
WEC,WEC Energy Group Inc. Common Stock,$91.50,0.93,1.027%,28921265192.00,United States,,785743,Utilities,Power Generation
WELL,Welltower Inc. Common Stock,$116.56,0.13,0.112%,71002236213.00,United States,,1085430,Real Estate,Real Estate Investment Trusts
WES,Western Midstream Partners LP Common Units Representing Limited Partner Interests,$37.83,0.22,0.585%,14394016294.00,United States,2012,561920,Utilities,Natural Gas Distribution
WFC,Wells Fargo & Company Common Stock,$55.335,-0.815,-1.451%,188347626562.00,United States,,8232413,Finance,Major Banks
WIT,Wipro Limited Common Stock,$6.2599,0.0899,1.457%,32708842906.00,India,,490936,Technology,EDP Services
WLK,Westlake Corporation Common Stock,$145.62,1.95,1.357%,18724641188.00,United States,2004,79054,Industrials,Major Chemicals
WM,Waste Management Inc. Common Stock,$209.16,1.06,0.509%,83939009215.00,United States,,481411,Utilities,Environmental Services
WMB,Williams Companies Inc. (The) Common Stock,$44.665,0.345,0.778%,54443561646.00,United States,,1804490,Utilities,Natural Gas Distribution
WMS,Advanced Drainage Systems Inc. Common Stock,$156.33,5.82,3.867%,12119238281.00,United States,2014,232520,Consumer Discretionary,Containers/Packaging
WMT,Walmart Inc. Common Stock,$75.08,0.54,0.724%,603909233216.00,United States,,9051451,Consumer Discretionary,Department/Specialty Retail Stores
WPC,W. P. Carey Inc. REIT,$58.72,0.43,0.738%,12850696721.00,United States,,331558,Real Estate,Real Estate Investment Trusts
WPM,Wheaton Precious Metals Corp Common Shares (Canada),$61.81,0.14,0.227%,28039194555.00,Canada,,936339,Basic Materials,Precious Metals
WRB,W.R. Berkley Corporation Common Stock,$57.585,0.235,0.41%,21914006301.00,United States,,336270,Finance,Property-Casualty Insurers
WSM,Williams-Sonoma Inc. Common Stock (DE),$143.34,5.71,4.149%,18435841234.00,United States,,1809269,Consumer Discretionary,Home Furnishings
WSO,Watsco Inc. Common Stock,$481.518,9.768,2.071%,19424057647.00,United States,,53402,Consumer Discretionary,Industrial Machinery/Components
WST,West Pharmaceutical Services Inc. Common Stock,$302.965,3.845,1.285%,21977563723.00,United States,,72149,Health Care,Medical/Dental Instruments
WTRG,Essential Utilities Inc. Common Stock,$39.44,-0.09,-0.228%,10793626835.00,United States,,232921,Utilities,Water Supply
WY,Weyerhaeuser Company Common Stock,$30.335,0.225,0.747%,22063100525.00,United States,,1631141,Real Estate,Real Estate Investment Trusts
XOM,Exxon Mobil Corporation Common Stock,$114.35,-0.23,-0.201%,508037219423.00,United States,,6047960,Energy,Integrated oil Companies
XPO,XPO Inc. Common Stock,$121.345,3.605,3.062%,14123701790.00,United States,,543935,Consumer Discretionary,Transportation Services
XYL,Xylem Inc. Common Stock New,$135.685,1.535,1.144%,32956920966.00,United States,2011,1008800,Industrials,Fluid Controls
YUM,Yum! Brands Inc.,$137.935,0.985,0.719%,38782494551.00,United States,,850356,Consumer Discretionary,Restaurants
YUMC,Yum China Holdings Inc. Common Stock,$33.96,0.82,2.474%,13055025456.00,United States,2016,1298055,Consumer Discretionary,Restaurants
ZBH,Zimmer Biomet Holdings Inc. Common Stock,$111.81,0.17,0.152%,22770372049.00,United States,,371327,Health Care,Industrial Specialties
ZTO,ZTO Express (Cayman) Inc. American Depositary Shares each representing one Class A ordinary share.,$21.145,1.345,6.793%,17188065589.00,China,2016,1801069,Industrials,Trucking Freight/Courier Services
ZTS,Zoetis Inc. Class A Common Stock,$182.92,-0.68,-0.37%,82872087091.00,United States,2013,733668,Health Care,Biotechnology: Pharmaceutical Preparations
